transaction_id,region,product_category,quantity,unit_price,discount_percent,transaction_date
TXN-2001,East,Electronics,2,266.15,5,2025-05-08
TXN-2002,East,Electronics,11,124.95,7,2025-02-15
TXN-2003,South,Groceries,8,27.31,25,2025-03-17
TXN-2004,North,Electronics,10,409.93,16,2025-05-02
TXN-2005,North,Books,10,263.04,5,2025-02-02
TXN-2006,East,Books,1,272.5,24,2025-03-21
TXN-2007,North,Electronics,1,393.01,19,2025-02-04
TXN-2008,West,Groceries,10,80.39,1,2025-04-17
TXN-2009,North,Apparel,10,317.95,6,2025-03-01
TXN-2010,South,Electronics,11,44.76,14,2025-05-01
TXN-2011,South,Apparel,7,14.39,25,2025-01-01
TXN-2012,North,Toys,1,457.62,28,2025-03-13
TXN-2013,East,Electronics,6,79.52,13,2025-04-23
TXN-2014,South,Groceries,13,297.5,22,2025-06-01
TXN-2015,West,Groceries,10,89.56,3,2025-02-13
TXN-2016,West,Electronics,2,115.67,18,2025-06-15
TXN-2017,West,Toys,11,151.84,17,2025-04-28
TXN-2018,North,Groceries,14,23.3,6,2025-01-08
TXN-2019,North,Apparel,6,55.93,30,2025-01-04
TXN-2020,South,Groceries,11,414.66,0,2025-06-02
TXN-2021,West,Groceries,13,424.19,8,2025-04-16
TXN-2022,East,Electronics,5,99.69,0,2025-06-07
TXN-2023,West,Toys,2,442.86,5,2025-04-09
TXN-2024,East,Toys,2,303.11,12,2025-03-25
TXN-2025,South,Books,7,276.08,29,2025-01-23
TXN-2026,North,Electronics,3,470.75,22,2025-04-12
TXN-2027,South,Electronics,13,482.31,27,2025-03-05
TXN-2028,East,Toys,14,412.94,23,2025-03-08
TXN-2029,East,Books,4,445.12,20,2025-02-06
TXN-2030,North,Books,9,50.1,13,2025-06-23
TXN-2031,West,Books,14,238.64,27,2025-01-28
TXN-2032,East,Groceries,9,255.44,21,2025-05-04
TXN-2033,South,Apparel,11,108.21,16,2025-04-23
TXN-2034,North,Books,1,37.28,6,2025-02-09
TXN-2035,South,Groceries,13,240.32,11,2025-05-13
TXN-2036,East,Books,5,429.71,9,2025-06-06
TXN-2037,East,Toys,6,478.5,2,2025-06-14
TXN-2038,South,Books,13,446.44,0,2025-04-09
TXN-2039,North,Books,6,341.4,20,2025-02-28
TXN-2040,West,Toys,1,176.99,20,2025-05-02
TXN-2041,East,Groceries,5,117.07,18,2025-04-19
TXN-2042,South,Toys,2,76.6,26,2025-06-09
TXN-2043,South,Electronics,9,181.99,4,2025-04-06
TXN-2044,North,Books,3,331.34,6,2025-04-18
TXN-2045,West,Groceries,9,216.43,13,2025-05-06
TXN-2046,East,Apparel,10,211.57,20,2025-05-28
TXN-2047,North,Groceries,8,408.36,21,2025-04-09
TXN-2048,West,Apparel,14,255.89,26,2025-03-02
TXN-2049,South,Electronics,8,209.08,0,2025-03-27
TXN-2050,South,Apparel,11,212.87,2,2025-05-06
TXN-2051,South,Books,14,255.37,6,2025-06-27
TXN-2052,East,Toys,12,257.48,10,2025-01-02
TXN-2053,West,Toys,13,288.86,4,2025-01-11
TXN-2054,South,Electronics,1,329.91,0,2025-06-07
TXN-2055,West,Books,6,303.15,3,2025-02-23
TXN-2056,East,Electronics,1,328.99,2,2025-05-15
TXN-2057,East,Toys,13,341.83,27,2025-03-10
TXN-2058,West,Toys,12,471.36,25,2025-01-19
TXN-2059,West,Books,12,101.49,22,2025-05-28
TXN-2060,West,Apparel,13,105.91,8,2025-03-23
TXN-2061,East,Books,13,39.34,26,2025-06-10
TXN-2062,South,Electronics,14,74.63,27,2025-06-15
TXN-2063,North,Apparel,10,165.65,4,2025-05-06
TXN-2064,North,Electronics,7,197.33,17,2025-05-28
TXN-2065,South,Books,7,313.28,16,2025-02-02
TXN-2066,West,Books,13,482.56,9,2025-03-07
TXN-2067,West,Books,1,416.03,14,2025-05-24
TXN-2068,West,Groceries,13,79.21,19,2025-03-18
TXN-2069,West,Apparel,10,148.53,11,2025-01-04
TXN-2070,North,Apparel,8,182.26,14,2025-01-20
TXN-2071,East,Toys,5,409.08,29,2025-02-10
TXN-2072,South,Apparel,8,63.97,4,2025-03-26
TXN-2073,East,Toys,7,456.01,13,2025-01-24
TXN-2074,South,Groceries,10,474.56,3,2025-05-09
TXN-2075,South,Apparel,7,492.87,4,2025-02-18
TXN-2076,South,Apparel,5,334.06,8,2025-03-05
TXN-2077,North,Electronics,3,120.06,6,2025-03-21
TXN-2078,West,Electronics,7,28.8,26,2025-01-02
TXN-2079,East,Toys,13,431.97,1,2025-06-16
TXN-2080,West,Electronics,2,494.9,9,2025-02-04
TXN-2081,North,Electronics,4,85.87,20,2025-03-18
TXN-2082,North,Apparel,11,443.64,17,2025-03-10
TXN-2083,East,Electronics,14,152.88,18,2025-06-04
TXN-2084,West,Apparel,12,123.43,18,2025-02-17
TXN-2085,North,Electronics,4,459.34,18,2025-05-03
TXN-2086,West,Electronics,13,114.09,12,2025-03-21
TXN-2087,North,Electronics,14,243.46,6,2025-03-12
TXN-2088,North,Electronics,10,357.85,0,2025-02-11
TXN-2089,East,Apparel,13,28.43,1,2025-01-08
TXN-2090,South,Apparel,14,482.19,8,2025-04-19
TXN-2091,West,Electronics,2,94.09,11,2025-05-12
TXN-2092,South,Books,11,208,5,2025-01-23
TXN-2093,West,Apparel,3,298.38,22,2025-02-17
TXN-2094,East,Books,3,191.17,14,2025-05-13
TXN-2095,East,Electronics,8,473.79,22,2025-02-21
TXN-2096,North,Toys,8,319.76,29,2025-03-15
TXN-2097,East,Electronics,9,441.12,13,2025-04-01
TXN-2098,West,Toys,6,269.83,2,2025-01-12
TXN-2099,North,Books,12,455.75,29,2025-04-28
TXN-2100,West,Groceries,7,218.31,2,2025-05-23
TXN-2101,West,Toys,14,391.49,1,2025-01-23
TXN-2102,West,Apparel,7,28.05,13,2025-05-04
TXN-2103,North,Electronics,6,329.87,9,2025-01-03
TXN-2104,East,Toys,11,498.19,16,2025-05-20
TXN-2105,West,Electronics,7,186.21,6,2025-01-24
TXN-2106,North,Apparel,11,27.22,18,2025-02-28
TXN-2107,South,Groceries,13,266.87,27,2025-04-27
TXN-2108,North,Electronics,11,385.63,22,2025-02-21
TXN-2109,West,Groceries,11,258.97,3,2025-06-09
TXN-2110,South,Electronics,10,114.75,8,2025-01-19
TXN-2111,East,Toys,9,354.26,3,2025-03-20
TXN-2112,South,Books,7,336.01,23,2025-05-07
TXN-2113,North,Toys,9,258.25,2,2025-01-24
TXN-2114,North,Books,8,253.46,20,2025-06-13
TXN-2115,South,Electronics,5,305.81,8,2025-03-12
TXN-2116,South,Electronics,1,300.79,1,2025-04-24
TXN-2117,South,Groceries,12,186.85,2,2025-02-02
TXN-2118,South,Electronics,10,101.36,26,2025-04-28
TXN-2119,East,Electronics,3,229.04,7,2025-01-10
TXN-2120,East,Electronics,1,235.23,25,2025-05-13
TXN-2121,East,Apparel,13,31.07,30,2025-05-19
TXN-2122,East,Toys,2,304.45,12,2025-06-22
TXN-2123,North,Toys,6,230.53,12,2025-05-24
TXN-2124,North,Books,3,398.3,15,2025-05-11
TXN-2125,North,Toys,13,128.53,18,2025-05-14
TXN-2126,East,Toys,3,432.8,10,2025-01-21
TXN-2127,South,Electronics,12,427.75,18,2025-04-07
TXN-2128,East,Toys,1,211.16,18,2025-03-03
TXN-2129,East,Toys,4,244.64,9,2025-04-02
TXN-2130,West,Groceries,6,398.36,9,2025-04-03
TXN-2131,West,Groceries,9,45.6,3,2025-04-19
TXN-2132,West,Groceries,14,456.82,4,2025-04-06
TXN-2133,North,Books,12,22,12,2025-06-11
TXN-2134,North,Books,6,36.11,20,2025-04-15
TXN-2135,West,Apparel,1,153.18,3,2025-05-28
TXN-2136,South,Apparel,5,238.3,13,2025-06-23
TXN-2137,South,Groceries,8,85.7,27,2025-05-26
TXN-2138,South,Apparel,11,450.01,22,2025-05-19
TXN-2139,South,Groceries,1,232.98,3,2025-06-05
TXN-2140,West,Books,9,15.77,6,2025-05-24
TXN-2141,South,Apparel,8,483.31,17,2025-04-01
TXN-2142,East,Books,13,392.47,18,2025-03-21
TXN-2143,West,Groceries,6,199.83,9,2025-06-28
TXN-2144,North,Groceries,1,161.82,20,2025-04-27
TXN-2145,South,Books,2,343.82,2,2025-06-01
TXN-2146,North,Groceries,14,99.21,20,2025-05-07
TXN-2147,South,Electronics,10,262.86,12,2025-06-13
TXN-2148,East,Groceries,9,444.46,27,2025-02-22
TXN-2149,North,Apparel,10,452.88,2,2025-01-26
TXN-2150,West,Toys,2,267.41,22,2025-06-18
TXN-2151,North,Apparel,3,326.24,23,2025-05-06
TXN-2152,North,Groceries,12,124.66,14,2025-06-23
TXN-2153,East,Apparel,12,110.42,6,2025-06-18
TXN-2154,East,Groceries,4,301.86,9,2025-04-19
TXN-2155,South,Apparel,14,343.56,26,2025-04-27
TXN-2156,West,Apparel,4,73.16,18,2025-06-12
TXN-2157,North,Books,10,307.08,3,2025-01-09
TXN-2158,North,Groceries,5,261.58,30,2025-03-02
TXN-2159,North,Books,1,221.5,16,2025-06-09
TXN-2160,West,Books,8,315.92,26,2025-06-10
TXN-2161,North,Apparel,2,322.38,6,2025-03-25
TXN-2162,South,Toys,14,110.76,10,2025-01-11
TXN-2163,South,Toys,3,425.75,26,2025-04-03
TXN-2164,South,Electronics,10,30.75,3,2025-03-05
TXN-2165,North,Electronics,14,126.32,30,2025-01-06
TXN-2166,West,Groceries,13,396.06,5,2025-05-28
TXN-2167,South,Electronics,4,110.4,29,2025-03-20
TXN-2168,North,Groceries,11,14.06,7,2025-04-11
TXN-2169,South,Groceries,9,62.03,22,2025-03-01
TXN-2170,South,Electronics,14,189.93,5,2025-04-28
TXN-2171,South,Groceries,1,342.51,3,2025-02-23
TXN-2172,North,Apparel,12,84.75,13,2025-06-27
TXN-2173,East,Groceries,4,362.3,25,2025-03-15
TXN-2174,West,Groceries,10,228.25,30,2025-05-12
TXN-2175,North,Groceries,12,386.67,22,2025-05-28
TXN-2176,North,Toys,5,77.61,17,2025-02-13
TXN-2177,West,Toys,14,157.81,1,2025-05-12
TXN-2178,West,Toys,10,191.98,14,2025-04-04
TXN-2179,North,Groceries,4,80.64,11,2025-01-10
TXN-2180,North,Books,6,362.04,30,2025-04-07
TXN-2181,South,Books,9,123.16,2,2025-06-05
TXN-2182,East,Toys,3,465.71,30,2025-02-02
TXN-2183,East,Electronics,6,137.94,26,2025-01-05
TXN-2184,South,Electronics,14,103.33,2,2025-05-05
TXN-2185,West,Apparel,9,35.38,6,2025-02-04
TXN-2186,West,Electronics,2,186.72,30,2025-03-17
TXN-2187,East,Electronics,3,204.23,8,2025-05-24
TXN-2188,West,Books,7,82.03,2,2025-01-16
TXN-2189,West,Apparel,1,14.22,0,2025-05-08
TXN-2190,North,Apparel,13,393.04,29,2025-05-27
TXN-2191,North,Groceries,13,436.54,16,2025-05-17
TXN-2192,North,Toys,12,405.7,10,2025-06-28
TXN-2193,East,Electronics,13,76.16,17,2025-01-05
TXN-2194,South,Electronics,5,482.73,10,2025-03-21
TXN-2195,East,Groceries,9,176.62,27,2025-05-01
TXN-2196,East,Apparel,4,269.43,29,2025-05-14
TXN-2197,West,Groceries,3,343.34,8,2025-04-23
TXN-2198,South,Books,10,190,24,2025-04-18
TXN-2199,North,Apparel,13,110.7,27,2025-03-06
TXN-2200,South,Electronics,7,225.87,30,2025-06-08
TXN-2201,East,Toys,9,312.54,21,2025-05-07
TXN-2202,West,Electronics,4,45.96,28,2025-01-26
TXN-2203,South,Books,14,59.15,11,2025-04-02
TXN-2204,North,Groceries,5,50.09,8,2025-03-09
TXN-2205,North,Toys,4,148.16,17,2025-06-21
TXN-2206,South,Electronics,11,58.1,12,2025-02-28
TXN-2207,South,Toys,2,484.82,8,2025-01-11
TXN-2208,North,Apparel,5,308.47,6,2025-04-08
TXN-2209,South,Groceries,8,211.25,28,2025-05-09
TXN-2210,South,Electronics,12,179.9,6,2025-01-07
TXN-2211,West,Groceries,1,486.66,2,2025-04-08
TXN-2212,East,Electronics,2,10.56,28,2025-06-08
TXN-2213,North,Books,10,178.9,13,2025-01-09
TXN-2214,West,Groceries,10,244.14,20,2025-06-15
TXN-2215,East,Groceries,9,48.55,4,2025-02-02
TXN-2216,South,Groceries,9,77.18,0,2025-04-27
TXN-2217,North,Apparel,6,494.94,0,2025-02-27
TXN-2218,North,Electronics,1,380.48,28,2025-02-27
TXN-2219,North,Groceries,7,213.59,23,2025-02-18
TXN-2220,West,Apparel,13,391.32,6,2025-06-16
TXN-2221,East,Electronics,3,220.08,11,2025-05-17
TXN-2222,West,Groceries,7,320.99,18,2025-03-23
TXN-2223,North,Toys,5,123.7,4,2025-02-04
TXN-2224,North,Electronics,11,136.92,9,2025-02-10
TXN-2225,West,Apparel,3,405.64,11,2025-04-06
TXN-2226,North,Toys,5,288.24,10,2025-02-14
TXN-2227,North,Electronics,11,91.74,25,2025-04-21
TXN-2228,West,Apparel,8,51.51,14,2025-04-20
TXN-2229,West,Apparel,3,28.16,7,2025-06-13
TXN-2230,West,Groceries,12,120.66,18,2025-01-24
TXN-2231,West,Books,10,394.11,19,2025-06-02
TXN-2232,North,Books,2,249.53,18,2025-01-18
TXN-2233,West,Toys,11,453.95,15,2025-02-02
TXN-2234,South,Electronics,8,61.72,2,2025-02-11
TXN-2235,East,Books,14,127.75,27,2025-01-14
TXN-2236,East,Books,5,418.89,20,2025-05-16
TXN-2237,East,Electronics,8,329.08,25,2025-06-23
TXN-2238,East,Electronics,5,49.51,24,2025-04-27
TXN-2239,West,Electronics,10,280.82,21,2025-03-21
TXN-2240,West,Electronics,4,352.64,3,2025-02-01
TXN-2241,West,Apparel,2,427.5,15,2025-05-12
TXN-2242,North,Books,7,130.26,17,2025-01-10
TXN-2243,West,Toys,3,55.26,16,2025-05-15
TXN-2244,East,Toys,4,484.39,25,2025-04-10
TXN-2245,West,Groceries,14,353.35,24,2025-05-18
TXN-2246,East,Groceries,4,160.71,16,2025-05-22
TXN-2247,North,Groceries,5,72.51,12,2025-01-09
TXN-2248,East,Electronics,9,296.4,15,2025-01-15
TXN-2249,West,Toys,13,344.73,2,2025-01-06
TXN-2250,East,Apparel,8,393.07,22,2025-01-09
TXN-2251,South,Books,11,14.75,23,2025-04-01
TXN-2252,South,Books,12,212.43,2,2025-03-12
TXN-2253,North,Groceries,2,151.35,3,2025-06-23
TXN-2254,South,Groceries,9,233.35,17,2025-03-17
TXN-2255,East,Toys,5,341.43,30,2025-01-28
TXN-2256,North,Books,9,361.73,15,2025-03-13
TXN-2257,West,Electronics,4,10.19,24,2025-03-22
TXN-2258,North,Apparel,7,311.98,15,2025-06-08
TXN-2259,East,Electronics,8,119.84,12,2025-05-04
TXN-2260,North,Apparel,11,46.86,13,2025-01-07
TXN-2261,East,Apparel,8,303.54,11,2025-04-14
TXN-2262,South,Groceries,7,383.96,26,2025-04-28
TXN-2263,South,Books,1,253.72,21,2025-04-07
TXN-2264,East,Electronics,7,59.25,9,2025-04-21
TXN-2265,East,Apparel,13,175.42,16,2025-04-12
TXN-2266,West,Books,1,79.39,24,2025-02-08
TXN-2267,West,Electronics,7,284.24,4,2025-06-04
TXN-2268,East,Toys,9,382.12,30,2025-06-14
TXN-2269,East,Electronics,7,33.78,23,2025-05-02
TXN-2270,West,Apparel,6,170.39,17,2025-03-27
TXN-2271,West,Electronics,5,444.93,30,2025-06-09
TXN-2272,West,Electronics,8,95.04,18,2025-06-21
TXN-2273,West,Groceries,9,266.07,29,2025-03-22
TXN-2274,West,Apparel,2,30.9,7,2025-06-15
TXN-2275,East,Electronics,4,283.08,5,2025-05-13
TXN-2276,East,Groceries,13,22.01,6,2025-04-01
TXN-2277,North,Books,13,82.09,9,2025-06-24
TXN-2278,North,Books,12,323.01,4,2025-01-03
TXN-2279,East,Groceries,12,372.76,23,2025-03-25
TXN-2280,West,Groceries,9,219.69,9,2025-02-06
TXN-2281,North,Toys,7,374.05,23,2025-05-22
TXN-2282,East,Groceries,13,459.16,21,2025-03-01
TXN-2283,North,Apparel,13,23.2,10,2025-01-18
TXN-2284,West,Electronics,4,225.78,4,2025-01-07
TXN-2285,East,Groceries,11,20.02,20,2025-01-21
TXN-2286,North,Groceries,13,200.29,9,2025-06-08
TXN-2287,North,Books,12,43.79,26,2025-05-28
TXN-2288,West,Toys,6,472.21,17,2025-01-04
TXN-2289,East,Groceries,5,320.47,16,2025-06-22
TXN-2290,West,Electronics,13,26.06,8,2025-01-10
TXN-2291,North,Electronics,9,29.27,10,2025-06-05
TXN-2292,North,Apparel,6,148.94,8,2025-05-07
TXN-2293,East,Groceries,2,52.64,19,2025-03-25
TXN-2294,North,Apparel,11,395.43,16,2025-01-02
TXN-2295,West,Books,1,290.31,19,2025-05-22
TXN-2296,East,Toys,13,118.1,29,2025-04-08
TXN-2297,West,Books,5,132.64,16,2025-03-05
TXN-2298,West,Books,14,328.76,13,2025-01-17
TXN-2299,South,Books,4,409.93,2,2025-02-24
TXN-2300,East,Groceries,10,320.32,14,2025-06-01
TXN-2301,East,Electronics,13,333.95,19,2025-03-25
TXN-2302,East,Apparel,8,16.2,28,2025-06-20
TXN-2303,North,Electronics,13,110.67,5,2025-02-21
TXN-2304,West,Toys,6,437.4,13,2025-02-09
TXN-2305,East,Toys,9,30.01,4,2025-02-15
TXN-2306,East,Electronics,14,399.73,22,2025-05-20
TXN-2307,South,Toys,12,101.49,4,2025-03-11
TXN-2308,North,Toys,6,156.16,8,2025-05-18
TXN-2309,East,Apparel,12,117.28,17,2025-01-04
TXN-2310,West,Books,14,388.82,5,2025-03-18
TXN-2311,North,Books,6,231.24,1,2025-03-14
TXN-2312,West,Toys,10,146.67,28,2025-03-23
TXN-2313,West,Electronics,11,430.61,27,2025-01-18
TXN-2314,East,Groceries,9,90.25,17,2025-05-20
TXN-2315,West,Books,6,484.51,24,2025-02-27
TXN-2316,West,Electronics,12,124.53,5,2025-04-08
TXN-2317,West,Electronics,14,330.2,10,2025-06-21
TXN-2318,East,Groceries,13,158,30,2025-03-10
TXN-2319,East,Books,5,241.73,24,2025-01-20
TXN-2320,West,Groceries,5,74.53,25,2025-06-04
TXN-2321,North,Books,9,358.1,10,2025-05-16
TXN-2322,North,Toys,8,130.97,30,2025-01-23
TXN-2323,East,Apparel,10,396.74,19,2025-01-24
TXN-2324,North,Apparel,11,198.51,18,2025-01-13
TXN-2325,West,Toys,8,249.79,18,2025-04-26
TXN-2326,South,Groceries,9,323.6,24,2025-04-18
TXN-2327,North,Toys,4,397.56,27,2025-02-02
TXN-2328,West,Toys,5,113.08,8,2025-06-25
TXN-2329,South,Books,5,380.51,2,2025-02-19
TXN-2330,North,Books,11,200.48,26,2025-02-15
TXN-2331,North,Electronics,3,412.44,6,2025-06-14
TXN-2332,West,Apparel,9,353.14,11,2025-01-26
TXN-2333,West,Electronics,4,166.78,1,2025-06-17
TXN-2334,South,Groceries,13,360.38,30,2025-02-11
TXN-2335,West,Apparel,6,21.02,17,2025-04-26
TXN-2336,East,Electronics,6,46.75,11,2025-04-01
TXN-2337,South,Toys,1,356.91,22,2025-01-06
TXN-2338,West,Apparel,1,404.95,29,2025-05-08
TXN-2339,West,Groceries,2,122.43,3,2025-06-23
TXN-2340,North,Electronics,10,410.07,0,2025-03-14
TXN-2341,West,Books,4,348.11,17,2025-01-13
TXN-2342,East,Books,1,124.59,4,2025-06-05
TXN-2343,West,Groceries,4,316.81,19,2025-05-22
TXN-2344,West,Groceries,12,132.11,6,2025-02-16
TXN-2345,East,Groceries,13,358.85,22,2025-05-17
TXN-2346,East,Books,2,188.82,25,2025-02-20
TXN-2347,South,Electronics,14,481.4,19,2025-01-01
TXN-2348,West,Apparel,3,206.71,22,2025-01-19
TXN-2349,East,Groceries,7,190.25,27,2025-06-24
TXN-2350,South,Electronics,8,229.49,17,2025-03-05
TXN-2351,East,Electronics,4,399.85,2,2025-03-14
TXN-2352,North,Books,5,292.09,17,2025-05-06
TXN-2353,West,Toys,5,10.41,29,2025-06-22
TXN-2354,South,Toys,14,475.9,26,2025-06-08
TXN-2355,West,Apparel,8,41.85,26,2025-03-19
TXN-2356,South,Books,9,312,5,2025-03-16
TXN-2357,East,Electronics,12,171.69,20,2025-04-09
TXN-2358,South,Groceries,7,310.02,12,2025-01-12
TXN-2359,South,Groceries,12,130.01,6,2025-02-15
TXN-2360,South,Toys,8,349.7,15,2025-04-10
TXN-2361,West,Toys,6,392.85,6,2025-06-16
TXN-2362,East,Groceries,9,109.75,30,2025-04-13
TXN-2363,South,Electronics,7,237.39,7,2025-06-08
TXN-2364,East,Toys,6,482.7,2,2025-02-07
TXN-2365,South,Groceries,9,76.56,30,2025-04-28
TXN-2366,East,Electronics,12,105.75,26,2025-06-06
TXN-2367,North,Groceries,1,124.99,1,2025-01-18
TXN-2368,East,Electronics,4,135.87,2,2025-01-18
TXN-2369,West,Electronics,12,74.54,10,2025-01-20
TXN-2370,West,Books,1,496.24,14,2025-05-26
TXN-2371,North,Toys,4,202.61,1,2025-04-01
TXN-2372,East,Groceries,11,17.97,18,2025-05-02
TXN-2373,North,Apparel,13,454.51,11,2025-04-15
TXN-2374,North,Electronics,1,268.31,15,2025-01-22
TXN-2375,North,Books,4,290.14,21,2025-05-11
TXN-2376,South,Books,13,18.53,18,2025-03-15
TXN-2377,East,Electronics,2,373.65,19,2025-05-14
TXN-2378,East,Electronics,2,68.85,12,2025-06-06
TXN-2379,East,Groceries,13,276.78,8,2025-02-14
TXN-2380,South,Apparel,7,445.47,21,2025-05-28
TXN-2381,South,Electronics,13,386.49,1,2025-03-05
TXN-2382,West,Books,11,434.33,9,2025-04-13
TXN-2383,West,Electronics,7,162.85,5,2025-05-21
TXN-2384,West,Books,7,166.56,0,2025-02-04
TXN-2385,East,Toys,12,471.6,15,2025-01-26
TXN-2386,North,Electronics,5,185.52,1,2025-05-17
TXN-2387,South,Electronics,10,486.67,1,2025-04-18
TXN-2388,South,Books,9,271.73,7,2025-05-27
TXN-2389,North,Apparel,7,11.11,1,2025-02-02
TXN-2390,South,Books,13,403.21,16,2025-04-15
TXN-2391,West,Electronics,14,74.13,4,2025-03-05
TXN-2392,West,Toys,5,498.66,14,2025-02-22
TXN-2393,East,Groceries,6,141.23,29,2025-01-13
TXN-2394,West,Books,5,494.17,17,2025-06-10
TXN-2395,North,Toys,3,260.4,3,2025-03-27
TXN-2396,West,Toys,6,43.14,25,2025-01-06
TXN-2397,East,Electronics,1,290.32,8,2025-04-02
TXN-2398,East,Apparel,8,288.73,2,2025-02-13
TXN-2399,North,Apparel,2,308.71,24,2025-05-15
TXN-2400,North,Electronics,7,193.73,24,2025-05-26
TXN-2401,East,Electronics,3,81.09,7,2025-01-02
TXN-2402,West,Groceries,6,139.32,9,2025-03-11
TXN-2403,North,Toys,14,12.48,15,2025-05-06
TXN-2404,North,Groceries,7,15.3,20,2025-04-10
TXN-2405,West,Apparel,3,250.2,4,2025-01-23
TXN-2406,East,Groceries,6,426.23,12,2025-03-01
TXN-2407,North,Toys,5,258.87,4,2025-05-08
TXN-2408,East,Apparel,6,151.61,22,2025-04-03
TXN-2409,East,Toys,2,290.78,22,2025-06-17
TXN-2410,West,Groceries,11,73.63,17,2025-05-14
TXN-2411,South,Apparel,3,62.36,4,2025-05-09
TXN-2412,East,Electronics,8,271.23,1,2025-03-22
TXN-2413,West,Books,3,228.7,22,2025-05-11
TXN-2414,East,Groceries,4,340.84,14,2025-03-15
TXN-2415,East,Apparel,6,291.49,24,2025-02-03
TXN-2416,North,Groceries,3,282.34,24,2025-02-24
TXN-2417,East,Toys,1,335.53,24,2025-06-14
TXN-2418,South,Apparel,10,421.27,3,2025-05-27
TXN-2419,North,Books,7,355.58,24,2025-01-11
TXN-2420,East,Electronics,14,146.65,21,2025-06-05
TXN-2421,East,Electronics,13,469.3,16,2025-06-16
TXN-2422,East,Groceries,1,333.58,0,2025-01-16
TXN-2423,West,Toys,11,333.54,3,2025-05-15
TXN-2424,South,Toys,12,14.7,15,2025-01-06
TXN-2425,East,Electronics,6,52.23,10,2025-05-26
TXN-2426,East,Toys,13,302.53,12,2025-04-21
TXN-2427,East,Apparel,1,376.52,25,2025-04-26
TXN-2428,South,Groceries,9,300.22,19,2025-02-05
TXN-2429,South,Electronics,13,28.04,11,2025-01-25
TXN-2430,North,Toys,9,346.42,20,2025-03-10
TXN-2431,West,Books,1,358.47,24,2025-05-07
TXN-2432,South,Books,4,343.06,8,2025-01-16
TXN-2433,West,Toys,7,367.41,23,2025-02-15
TXN-2434,West,Books,8,25.21,27,2025-03-12
TXN-2435,West,Apparel,1,87.29,17,2025-04-03
TXN-2436,South,Apparel,13,417.18,28,2025-06-17
TXN-2437,North,Toys,5,57.7,10,2025-02-03
TXN-2438,West,Electronics,14,447.43,25,2025-01-05
TXN-2439,West,Apparel,10,456.11,25,2025-04-06
TXN-2440,South,Groceries,8,354.26,14,2025-03-16
TXN-2441,North,Toys,13,416.48,28,2025-04-10
TXN-2442,South,Groceries,14,279.26,10,2025-06-06
TXN-2443,South,Electronics,4,370.49,28,2025-04-11
TXN-2444,North,Groceries,13,68.72,11,2025-06-12
TXN-2445,South,Books,6,436.36,16,2025-04-24
TXN-2446,South,Electronics,1,461.3,25,2025-04-18
TXN-2447,South,Toys,6,236.85,0,2025-06-17
TXN-2448,North,Groceries,14,264.98,5,2025-01-27
TXN-2449,South,Books,10,272.34,29,2025-06-18
TXN-2450,South,Apparel,10,409.59,11,2025-06-09
TXN-2451,North,Groceries,12,68.01,23,2025-05-28
TXN-2452,South,Apparel,10,188.72,25,2025-03-27
TXN-2453,East,Apparel,5,187.02,27,2025-01-14
TXN-2454,North,Groceries,6,438.22,0,2025-06-20
TXN-2455,North,Toys,10,331.36,9,2025-01-01
TXN-2456,North,Electronics,6,214.1,29,2025-06-12
TXN-2457,South,Electronics,3,75.64,20,2025-05-14
TXN-2458,North,Groceries,7,238.07,24,2025-06-25
TXN-2459,West,Apparel,4,372.47,8,2025-02-23
TXN-2460,West,Electronics,10,254.94,28,2025-04-09
TXN-2461,South,Books,14,469.9,2,2025-04-03
TXN-2462,South,Groceries,11,179.72,7,2025-01-04
TXN-2463,South,Electronics,3,257.54,4,2025-02-03
TXN-2464,East,Electronics,10,345.18,18,2025-04-20
TXN-2465,North,Apparel,9,368.23,4,2025-06-08
TXN-2466,South,Apparel,8,363.64,23,2025-04-09
TXN-2467,North,Apparel,6,26.89,21,2025-04-05
TXN-2468,West,Apparel,14,391.64,7,2025-04-09
TXN-2469,West,Groceries,4,251.9,12,2025-02-04
TXN-2470,West,Electronics,9,51.65,27,2025-06-08
TXN-2471,East,Toys,11,198.89,24,2025-04-19
TXN-2472,East,Groceries,10,455.33,17,2025-02-01
TXN-2473,West,Toys,14,459.75,29,2025-04-08
TXN-2474,North,Groceries,4,196.63,5,2025-03-09
TXN-2475,South,Toys,14,403.33,27,2025-01-16
TXN-2476,West,Groceries,6,230.8,20,2025-01-02
TXN-2477,West,Toys,9,415.81,3,2025-05-01
TXN-2478,South,Toys,3,463.13,30,2025-03-11
TXN-2479,South,Apparel,1,305.99,11,2025-02-02
TXN-2480,East,Toys,2,338.56,14,2025-01-03
TXN-2481,South,Apparel,7,153.7,7,2025-02-13
TXN-2482,East,Toys,8,44.68,8,2025-06-19
TXN-2483,North,Toys,13,456.37,5,2025-03-20
TXN-2484,East,Groceries,12,151.6,30,2025-03-25
TXN-2485,West,Apparel,3,329.06,28,2025-01-21
TXN-2486,North,Toys,9,372.04,28,2025-05-06
TXN-2487,West,Apparel,8,62.72,12,2025-03-10
TXN-2488,West,Groceries,11,147.12,12,2025-05-18
TXN-2489,North,Toys,1,129.83,17,2025-05-22
TXN-2490,North,Groceries,6,169.65,28,2025-01-26
TXN-2491,North,Groceries,3,134.27,15,2025-05-21
TXN-2492,West,Groceries,3,302.66,17,2025-06-03
TXN-2493,South,Groceries,6,269.71,3,2025-06-08
TXN-2494,North,Toys,7,182.86,12,2025-05-27
TXN-2495,North,Electronics,11,239.64,13,2025-06-11
TXN-2496,West,Apparel,1,451.08,27,2025-02-01
TXN-2497,South,Books,10,15.22,21,2025-06-22
TXN-2498,West,Electronics,12,417.57,19,2025-01-03
TXN-2499,East,Toys,13,57.64,24,2025-06-28
TXN-2500,North,Groceries,2,74.86,21,2025-02-05
TXN-2501,West,Groceries,9,114.26,7,2025-05-20
TXN-2502,West,Books,5,362.06,5,2025-01-24
TXN-2503,North,Books,9,402.24,9,2025-03-24
TXN-2504,West,Electronics,12,61.78,1,2025-01-10
TXN-2505,South,Apparel,13,490.11,19,2025-02-19
TXN-2506,East,Electronics,9,201.42,11,2025-05-07
TXN-2507,West,Apparel,6,300.61,5,2025-01-23
TXN-2508,South,Apparel,5,209.07,9,2025-06-26
TXN-2509,North,Books,2,110.13,10,2025-03-19
TXN-2510,South,Apparel,11,285.34,5,2025-03-25
TXN-2511,West,Electronics,6,464.24,18,2025-01-16
TXN-2512,East,Apparel,8,436.66,16,2025-01-28
TXN-2513,North,Apparel,9,159.1,22,2025-03-08
TXN-2514,South,Apparel,3,23.96,17,2025-04-13
TXN-2515,North,Toys,1,487,29,2025-04-22
TXN-2516,South,Books,7,362.17,11,2025-04-24
TXN-2517,South,Apparel,5,408.9,21,2025-02-11
TXN-2518,West,Electronics,4,230.46,18,2025-03-25
TXN-2519,East,Groceries,13,26.39,3,2025-03-17
TXN-2520,West,Apparel,13,297.56,6,2025-04-12
TXN-2521,East,Electronics,9,196.15,14,2025-06-24
TXN-2522,West,Books,4,439.64,1,2025-02-06
TXN-2523,South,Toys,8,185.6,27,2025-06-04
TXN-2524,East,Apparel,10,130.1,7,2025-04-06
TXN-2525,North,Apparel,4,249.76,29,2025-02-21
TXN-2526,North,Toys,1,71.12,1,2025-04-16
TXN-2527,South,Toys,3,35.12,11,2025-02-09
TXN-2528,East,Groceries,4,160.68,9,2025-06-17
TXN-2529,East,Books,2,116.71,20,2025-05-09
TXN-2530,South,Books,6,62.55,14,2025-03-25
TXN-2531,North,Apparel,4,424.42,17,2025-02-11
TXN-2532,West,Apparel,3,436.44,27,2025-03-09
TXN-2533,North,Books,3,329.22,5,2025-04-11
TXN-2534,West,Books,13,205.34,7,2025-06-22
TXN-2535,East,Toys,14,462.04,12,2025-04-26
TXN-2536,West,Books,7,370.7,6,2025-04-17
TXN-2537,South,Books,5,383.64,0,2025-03-12
TXN-2538,West,Groceries,7,151.97,16,2025-02-24
TXN-2539,East,Groceries,7,176.85,18,2025-02-11
TXN-2540,West,Groceries,14,243.52,12,2025-01-23
TXN-2541,North,Toys,13,479,23,2025-03-27
TXN-2542,West,Apparel,9,117.21,11,2025-05-17
TXN-2543,East,Apparel,9,447.78,1,2025-03-08
TXN-2544,East,Electronics,6,309.39,6,2025-04-12
TXN-2545,East,Groceries,5,306.02,18,2025-06-06
TXN-2546,South,Apparel,5,376.19,28,2025-04-27
TXN-2547,West,Books,2,112.74,23,2025-02-14
TXN-2548,West,Groceries,9,179.46,16,2025-03-21
TXN-2549,East,Apparel,5,276.98,16,2025-02-23
TXN-2550,North,Groceries,9,394.63,12,2025-01-21
TXN-2551,West,Groceries,3,84.39,10,2025-06-25
TXN-2552,North,Groceries,6,231.42,28,2025-06-12
TXN-2553,North,Toys,4,48.34,14,2025-05-19
TXN-2554,North,Books,3,198.01,4,2025-04-07
TXN-2555,South,Apparel,6,197.88,23,2025-05-04
TXN-2556,North,Apparel,3,95.7,26,2025-04-13
TXN-2557,North,Books,2,302.3,11,2025-01-11
TXN-2558,East,Groceries,10,460.09,2,2025-06-09
TXN-2559,South,Books,11,110.73,20,2025-05-09
TXN-2560,West,Books,1,88,9,2025-01-04
TXN-2561,South,Electronics,13,307.9,6,2025-05-08
TXN-2562,North,Electronics,12,387.12,26,2025-05-15
TXN-2563,North,Toys,7,349.15,25,2025-05-25
TXN-2564,South,Apparel,14,110.95,4,2025-03-22
TXN-2565,West,Electronics,7,46.33,7,2025-03-01
TXN-2566,South,Books,5,431.71,0,2025-02-05
TXN-2567,West,Books,7,406.56,23,2025-04-27
TXN-2568,South,Toys,7,243.8,7,2025-05-11
TXN-2569,East,Books,6,45.97,16,2025-01-09
TXN-2570,North,Groceries,10,298.98,16,2025-06-13
TXN-2571,West,Electronics,12,402.72,22,2025-04-13
TXN-2572,South,Apparel,6,196.11,25,2025-05-25
TXN-2573,South,Books,9,23.98,19,2025-04-18
TXN-2574,West,Books,12,254.89,26,2025-05-06
TXN-2575,East,Toys,4,124.48,15,2025-03-22
TXN-2576,South,Toys,10,252.51,29,2025-02-04
TXN-2577,South,Electronics,10,347.95,13,2025-04-11
TXN-2578,South,Electronics,8,446.85,25,2025-01-06
TXN-2579,North,Electronics,5,440.1,7,2025-05-26
TXN-2580,West,Electronics,3,172.92,3,2025-06-11
TXN-2581,South,Books,8,351.02,15,2025-03-13
TXN-2582,West,Electronics,12,217.53,25,2025-02-03
TXN-2583,East,Toys,5,340.35,17,2025-02-09
TXN-2584,East,Groceries,9,357.74,6,2025-04-11
TXN-2585,West,Apparel,6,170.65,30,2025-01-20
TXN-2586,North,Electronics,3,170.4,23,2025-03-17
TXN-2587,West,Apparel,7,203.88,25,2025-01-16
TXN-2588,East,Books,10,280.59,2,2025-05-22
TXN-2589,East,Books,14,153.24,2,2025-01-25
TXN-2590,East,Apparel,2,419.8,12,2025-03-06
TXN-2591,East,Electronics,5,406.17,22,2025-04-25
TXN-2592,West,Electronics,5,195.54,25,2025-02-13
TXN-2593,East,Toys,11,466.4,28,2025-04-09
TXN-2594,North,Groceries,1,335.26,22,2025-03-08
TXN-2595,North,Groceries,8,221.57,11,2025-06-20
TXN-2596,East,Groceries,11,178.95,28,2025-04-03
TXN-2597,West,Toys,13,138.83,12,2025-05-22
TXN-2598,West,Groceries,13,239.67,28,2025-04-24
TXN-2599,West,Groceries,3,13.21,18,2025-06-07
TXN-2600,West,Toys,14,236.72,23,2025-01-12
TXN-2601,South,Electronics,9,18.58,6,2025-03-28
TXN-2602,East,Electronics,6,162.52,15,2025-02-17
TXN-2603,North,Toys,14,230.11,26,2025-05-11
TXN-2604,West,Apparel,5,163.02,26,2025-06-23
TXN-2605,West,Books,12,320.49,10,2025-03-21
TXN-2606,South,Groceries,7,356.7,26,2025-03-05
TXN-2607,North,Toys,10,55.8,19,2025-05-16
TXN-2608,North,Books,1,460.61,1,2025-03-11
TXN-2609,South,Groceries,10,172.43,4,2025-04-12
TXN-2610,North,Toys,10,86.56,27,2025-05-26
TXN-2611,South,Apparel,11,490.58,6,2025-05-09
TXN-2612,West,Toys,4,123.77,8,2025-05-06
TXN-2613,West,Toys,10,152.98,10,2025-06-28
TXN-2614,North,Toys,6,366.1,23,2025-01-22
TXN-2615,North,Electronics,14,377.6,19,2025-05-01
TXN-2616,South,Groceries,14,424.85,1,2025-04-17
TXN-2617,East,Apparel,2,441.74,6,2025-02-23
TXN-2618,West,Books,13,270.96,29,2025-02-26
TXN-2619,West,Groceries,4,231.75,16,2025-05-22
TXN-2620,East,Groceries,7,314.7,5,2025-04-02
TXN-2621,East,Toys,7,160.29,12,2025-03-08
TXN-2622,South,Groceries,12,269.08,30,2025-02-25
TXN-2623,North,Electronics,4,353.45,3,2025-05-14
TXN-2624,West,Toys,6,257.73,24,2025-06-25
TXN-2625,North,Toys,4,37.99,23,2025-02-19
TXN-2626,North,Apparel,4,274.52,19,2025-04-23
TXN-2627,North,Apparel,13,284.81,28,2025-04-11
TXN-2628,North,Groceries,13,33.27,17,2025-04-23
TXN-2629,North,Electronics,12,301.09,12,2025-01-14
TXN-2630,East,Apparel,7,122.75,6,2025-06-01
TXN-2631,East,Books,3,256.33,21,2025-05-06
TXN-2632,South,Apparel,14,449.69,14,2025-06-12
TXN-2633,South,Groceries,1,104.46,26,2025-01-20
TXN-2634,South,Apparel,14,110.97,9,2025-03-13
TXN-2635,West,Apparel,5,355.06,10,2025-04-20
TXN-2636,South,Toys,8,431.45,18,2025-05-23
TXN-2637,East,Books,10,464.91,2,2025-02-02
TXN-2638,North,Apparel,1,181.03,10,2025-02-22
TXN-2639,East,Groceries,5,195.22,23,2025-03-11
TXN-2640,North,Toys,3,74.09,21,2025-01-13
TXN-2641,East,Apparel,5,132.3,27,2025-05-08
TXN-2642,East,Groceries,4,128.78,12,2025-04-04
TXN-2643,West,Groceries,5,16.17,29,2025-05-08
TXN-2644,East,Groceries,7,430.34,12,2025-04-11
TXN-2645,North,Apparel,12,192.18,19,2025-05-07
TXN-2646,West,Toys,2,225.93,15,2025-06-14
TXN-2647,West,Electronics,2,183.76,8,2025-01-25
TXN-2648,South,Books,2,385.24,5,2025-01-11
TXN-2649,North,Books,6,252.9,28,2025-02-07
TXN-2650,East,Apparel,13,389.85,27,2025-06-26
TXN-2651,East,Groceries,9,232.36,23,2025-04-20
TXN-2652,North,Groceries,8,77.99,14,2025-06-15
TXN-2653,East,Toys,9,229.25,26,2025-05-18
TXN-2654,West,Toys,14,284.3,8,2025-02-19
TXN-2655,East,Groceries,9,190.01,30,2025-05-01
TXN-2656,East,Apparel,5,205.09,20,2025-06-13
TXN-2657,East,Books,5,227.8,21,2025-01-12
TXN-2658,West,Groceries,5,32.77,8,2025-05-06
TXN-2659,East,Toys,13,254.63,1,2025-05-11
TXN-2660,North,Books,11,257.04,15,2025-01-06
TXN-2661,North,Groceries,1,99.41,5,2025-03-23
TXN-2662,West,Apparel,2,295.85,8,2025-05-04
TXN-2663,North,Groceries,5,355.99,25,2025-01-28
TXN-2664,West,Apparel,13,321.03,3,2025-03-09
TXN-2665,West,Apparel,14,102.85,6,2025-05-28
TXN-2666,West,Groceries,13,54,13,2025-05-11
TXN-2667,North,Toys,13,384.65,6,2025-01-27
TXN-2668,East,Apparel,12,342.49,5,2025-02-02
TXN-2669,West,Electronics,8,49.8,15,2025-06-26
TXN-2670,North,Electronics,6,37,4,2025-01-02
TXN-2671,West,Apparel,9,206.68,18,2025-06-09
TXN-2672,East,Books,13,442.17,10,2025-02-10
TXN-2673,North,Electronics,8,20.34,29,2025-01-13
TXN-2674,North,Groceries,1,463.38,14,2025-01-25
TXN-2675,East,Apparel,10,45.09,27,2025-05-02
TXN-2676,West,Electronics,4,294.33,23,2025-02-10
TXN-2677,North,Toys,3,83.29,18,2025-06-16
TXN-2678,North,Books,1,106.88,19,2025-06-27
TXN-2679,North,Toys,7,86.21,13,2025-01-24
TXN-2680,South,Electronics,12,237.45,8,2025-01-17
TXN-2681,West,Groceries,7,109.56,3,2025-06-25
TXN-2682,East,Books,11,436.73,9,2025-04-05
TXN-2683,East,Toys,13,139.58,3,2025-06-24
TXN-2684,East,Books,6,163.34,15,2025-05-06
TXN-2685,East,Groceries,10,155.08,30,2025-01-21
TXN-2686,East,Apparel,14,253.35,2,2025-04-25
TXN-2687,West,Toys,4,68.02,20,2025-05-14
TXN-2688,South,Books,3,95.35,22,2025-03-09
TXN-2689,South,Electronics,13,318.97,20,2025-01-08
TXN-2690,South,Electronics,9,178.74,13,2025-06-14
TXN-2691,North,Books,11,28.73,30,2025-05-10
TXN-2692,North,Electronics,3,409.43,22,2025-01-25
TXN-2693,South,Apparel,2,121.82,13,2025-02-20
TXN-2694,East,Electronics,13,216.45,19,2025-03-11
TXN-2695,East,Toys,11,123.32,29,2025-03-24
TXN-2696,North,Apparel,2,387.68,29,2025-02-18
TXN-2697,West,Toys,12,460.55,11,2025-06-03
TXN-2698,East,Apparel,2,12.87,25,2025-04-22
TXN-2699,West,Books,9,176.12,30,2025-03-12
TXN-2700,South,Apparel,9,387.92,1,2025-03-18
TXN-2701,North,Books,7,255.06,2,2025-05-25
TXN-2702,South,Electronics,8,137.49,8,2025-01-12
TXN-2703,South,Toys,4,84.7,1,2025-02-26
TXN-2704,East,Apparel,7,483.45,6,2025-03-24
TXN-2705,South,Groceries,3,165.64,14,2025-04-17
TXN-2706,South,Toys,8,371.76,27,2025-03-23
TXN-2707,West,Electronics,2,343.8,30,2025-02-14
TXN-2708,West,Groceries,9,497.03,22,2025-04-04
TXN-2709,South,Electronics,8,432.22,1,2025-01-08
TXN-2710,West,Groceries,14,415.96,25,2025-05-13
TXN-2711,West,Toys,6,92.78,2,2025-05-26
TXN-2712,South,Groceries,4,120.46,11,2025-04-08
TXN-2713,West,Apparel,5,367.87,14,2025-01-01
TXN-2714,East,Books,13,425.11,17,2025-01-07
TXN-2715,West,Electronics,12,83.78,0,2025-05-11
TXN-2716,East,Groceries,12,322.27,6,2025-01-24
TXN-2717,East,Groceries,9,345.87,30,2025-06-18
TXN-2718,West,Toys,2,195.07,13,2025-03-23
TXN-2719,East,Apparel,5,277.16,21,2025-04-19
TXN-2720,North,Apparel,2,169.96,27,2025-02-21
TXN-2721,South,Apparel,2,138.28,5,2025-06-27
TXN-2722,East,Groceries,3,287.06,18,2025-06-03
TXN-2723,East,Toys,11,305.62,18,2025-06-12
TXN-2724,East,Apparel,2,262.46,6,2025-03-12
TXN-2725,West,Apparel,6,56.14,27,2025-03-20
TXN-2726,North,Electronics,2,129.61,26,2025-01-12
TXN-2727,South,Electronics,14,44.39,17,2025-05-20
TXN-2728,East,Groceries,11,154.74,10,2025-04-10
TXN-2729,West,Electronics,11,493.04,16,2025-06-15
TXN-2730,East,Books,7,372.89,11,2025-03-13
TXN-2731,East,Toys,6,373.07,30,2025-03-25
TXN-2732,South,Electronics,7,321.5,22,2025-01-22
TXN-2733,South,Toys,12,264.77,11,2025-01-24
TXN-2734,North,Groceries,4,174.5,27,2025-04-04
TXN-2735,South,Apparel,5,102.03,8,2025-06-09
TXN-2736,East,Groceries,8,186.5,14,2025-04-09
TXN-2737,West,Groceries,5,402.94,23,2025-03-22
TXN-2738,North,Toys,4,12.3,18,2025-05-08
TXN-2739,South,Electronics,6,54.05,23,2025-06-22
TXN-2740,East,Electronics,7,229.18,14,2025-04-06
TXN-2741,South,Groceries,3,447.17,17,2025-01-14
TXN-2742,North,Books,8,85.67,10,2025-02-06
TXN-2743,West,Electronics,3,339.21,0,2025-03-06
TXN-2744,South,Electronics,4,367.23,16,2025-02-19
TXN-2745,North,Books,5,153.23,17,2025-06-23
TXN-2746,South,Electronics,2,30.42,24,2025-02-18
TXN-2747,North,Books,14,204.32,17,2025-05-23
TXN-2748,North,Groceries,11,218.45,0,2025-01-08
TXN-2749,North,Books,3,18.82,24,2025-06-24
TXN-2750,North,Electronics,13,399.45,12,2025-03-09
TXN-2751,North,Electronics,9,122.46,17,2025-01-04
TXN-2752,South,Groceries,5,491.75,26,2025-02-15
TXN-2753,East,Apparel,13,268.71,16,2025-02-25
TXN-2754,North,Books,1,497.03,24,2025-02-10
TXN-2755,East,Electronics,9,88.15,15,2025-06-11
TXN-2756,North,Electronics,3,243.29,3,2025-05-27
TXN-2757,East,Books,1,468.23,9,2025-03-20
TXN-2758,East,Books,4,424.15,12,2025-06-03
TXN-2759,North,Toys,4,378.63,24,2025-04-25
TXN-2760,South,Toys,12,191.72,4,2025-03-07
TXN-2761,South,Toys,1,220.19,29,2025-04-15
TXN-2762,North,Books,1,248.63,19,2025-01-23
TXN-2763,North,Groceries,5,54.47,8,2025-01-03
TXN-2764,East,Books,11,166.61,1,2025-02-07
TXN-2765,North,Groceries,8,86.19,14,2025-01-26
TXN-2766,South,Groceries,6,236.31,17,2025-01-08
TXN-2767,East,Electronics,4,90.36,2,2025-02-14
TXN-2768,South,Apparel,4,437.57,4,2025-06-11
TXN-2769,East,Groceries,2,447.28,8,2025-01-10
TXN-2770,West,Apparel,5,85.65,27,2025-05-26
TXN-2771,North,Books,9,365.44,25,2025-06-02
TXN-2772,West,Apparel,3,494.97,22,2025-05-04
TXN-2773,East,Groceries,4,177.72,17,2025-04-08
TXN-2774,West,Groceries,8,145.34,29,2025-06-28
TXN-2775,East,Books,1,94.43,17,2025-02-13
TXN-2776,East,Toys,3,165.14,9,2025-06-28
TXN-2777,West,Books,13,276.64,6,2025-01-09
TXN-2778,North,Electronics,12,175.76,20,2025-02-04
TXN-2779,East,Electronics,7,444.46,2,2025-01-03
TXN-2780,East,Electronics,12,94.49,21,2025-01-12
TXN-2781,East,Electronics,1,134.8,9,2025-01-20
TXN-2782,South,Toys,11,363.62,20,2025-03-22
TXN-2783,West,Electronics,12,456.5,8,2025-01-02
TXN-2784,East,Toys,7,114.57,27,2025-03-24
TXN-2785,West,Electronics,6,271.48,27,2025-04-28
TXN-2786,West,Toys,2,185.81,14,2025-02-07
TXN-2787,South,Toys,3,214.57,9,2025-04-18
TXN-2788,West,Books,4,201.88,11,2025-01-02
TXN-2789,South,Apparel,1,207.73,26,2025-04-19
TXN-2790,East,Groceries,3,393.68,24,2025-06-26
TXN-2791,South,Toys,8,419,25,2025-02-22
TXN-2792,West,Groceries,12,292.39,6,2025-06-20
TXN-2793,North,Electronics,2,255.14,28,2025-03-16
TXN-2794,North,Electronics,14,300.9,16,2025-05-20
TXN-2795,South,Books,9,273.64,22,2025-04-19
TXN-2796,North,Toys,8,283.96,8,2025-03-24
TXN-2797,South,Groceries,12,335.27,29,2025-03-20
TXN-2798,North,Electronics,4,433.25,11,2025-02-14
TXN-2799,East,Apparel,4,148.82,2,2025-04-11
TXN-2800,South,Electronics,1,236.45,1,2025-06-10
TXN-2801,South,Apparel,14,317.13,21,2025-06-01
TXN-2802,West,Electronics,14,292.4,0,2025-01-10
TXN-2803,West,Groceries,10,194.19,5,2025-04-09
TXN-2804,North,Groceries,4,107.38,14,2025-01-24
TXN-2805,North,Toys,3,465.29,11,2025-06-18
TXN-2806,South,Groceries,4,335.68,14,2025-06-11
TXN-2807,South,Groceries,10,50.65,1,2025-03-15
TXN-2808,West,Groceries,2,435.01,0,2025-02-10
TXN-2809,South,Toys,6,127.53,5,2025-05-23
TXN-2810,South,Toys,10,324.81,22,2025-03-08
TXN-2811,North,Apparel,10,349.29,29,2025-04-18
TXN-2812,North,Apparel,2,204.74,9,2025-02-20
TXN-2813,South,Electronics,1,185.9,8,2025-02-16
TXN-2814,East,Books,6,153.08,16,2025-01-06
TXN-2815,East,Electronics,7,174.78,8,2025-05-25
TXN-2816,West,Groceries,3,33.87,22,2025-02-19
TXN-2817,North,Groceries,12,436.64,4,2025-06-13
TXN-2818,East,Apparel,4,232.13,21,2025-03-08
TXN-2819,East,Groceries,6,212.45,12,2025-03-15
TXN-2820,East,Toys,1,38.1,24,2025-03-14
TXN-2821,East,Books,5,273.1,28,2025-04-26
TXN-2822,South,Apparel,6,211.65,23,2025-06-07
TXN-2823,South,Electronics,13,282.92,18,2025-02-14
TXN-2824,North,Toys,9,164.03,4,2025-04-24
TXN-2825,East,Toys,12,173.23,29,2025-06-12
TXN-2826,East,Books,13,397.49,10,2025-01-22
TXN-2827,East,Books,1,331.76,9,2025-01-13
TXN-2828,East,Electronics,8,103.17,0,2025-04-06
TXN-2829,North,Toys,4,389.88,2,2025-06-28
TXN-2830,West,Toys,2,399.46,24,2025-05-03
TXN-2831,North,Books,11,135.82,22,2025-03-05
TXN-2832,West,Toys,10,420.78,12,2025-01-16
TXN-2833,East,Groceries,3,478.03,6,2025-04-07
TXN-2834,South,Toys,1,141.17,23,2025-06-08
TXN-2835,South,Books,13,253.48,10,2025-03-08
TXN-2836,North,Toys,14,156.06,1,2025-02-08
TXN-2837,North,Apparel,14,349.28,13,2025-02-21
TXN-2838,South,Books,12,295.96,27,2025-06-06
TXN-2839,South,Toys,14,474.8,27,2025-03-14
TXN-2840,East,Toys,5,28.67,9,2025-03-22
TXN-2841,East,Groceries,10,99.75,29,2025-02-08
TXN-2842,North,Electronics,9,168.53,16,2025-01-20
TXN-2843,West,Electronics,13,243.19,2,2025-06-13
TXN-2844,West,Books,5,77.87,24,2025-02-25
TXN-2845,West,Apparel,10,80.83,29,2025-05-23
TXN-2846,East,Electronics,6,463.03,28,2025-01-18
TXN-2847,East,Apparel,9,188.01,24,2025-05-10
TXN-2848,West,Apparel,8,120.51,10,2025-04-13
TXN-2849,South,Groceries,1,91.86,11,2025-03-26
TXN-2850,South,Books,3,291.61,27,2025-02-11
TXN-2851,West,Apparel,8,82.72,25,2025-02-23
TXN-2852,East,Toys,11,14.64,16,2025-06-18
TXN-2853,North,Electronics,13,314.49,10,2025-03-04
TXN-2854,West,Groceries,11,276.51,21,2025-02-22
TXN-2855,South,Apparel,12,440.18,30,2025-06-13
TXN-2856,West,Electronics,2,261.73,20,2025-05-08
TXN-2857,East,Groceries,3,417.67,9,2025-02-11
TXN-2858,West,Groceries,14,276.95,7,2025-06-23
TXN-2859,North,Toys,9,69.38,0,2025-01-04
TXN-2860,South,Books,2,282.68,4,2025-02-02
TXN-2861,North,Books,2,351,25,2025-02-21
TXN-2862,North,Apparel,10,196.26,13,2025-04-25
TXN-2863,North,Books,5,377.04,20,2025-05-28
TXN-2864,North,Apparel,6,327.04,4,2025-02-20
TXN-2865,South,Electronics,4,95.09,9,2025-05-02
TXN-2866,South,Books,12,206.92,2,2025-01-19
TXN-2867,North,Books,11,299.68,7,2025-01-11
TXN-2868,North,Toys,12,248.72,2,2025-06-14
TXN-2869,South,Toys,1,341.24,0,2025-05-28
TXN-2870,East,Apparel,3,67.06,25,2025-05-26
TXN-2871,West,Apparel,5,295.8,9,2025-01-20
TXN-2872,East,Toys,1,456.75,10,2025-01-06
TXN-2873,North,Apparel,10,113.56,17,2025-01-25
TXN-2874,North,Toys,11,33.4,21,2025-04-08
TXN-2875,South,Apparel,7,225.58,14,2025-01-10
TXN-2876,South,Apparel,13,399.61,25,2025-05-24
TXN-2877,North,Books,11,355.27,24,2025-03-19
TXN-2878,West,Apparel,13,127.48,1,2025-06-21
TXN-2879,East,Toys,8,309.37,13,2025-01-12
TXN-2880,North,Apparel,7,434.46,27,2025-06-28
TXN-2881,North,Toys,6,383.92,1,2025-01-08
TXN-2882,West,Books,5,456.5,18,2025-03-08
TXN-2883,North,Apparel,3,218.03,18,2025-04-09
TXN-2884,West,Groceries,3,199.41,13,2025-06-19
TXN-2885,South,Groceries,12,444.23,21,2025-06-13
TXN-2886,East,Apparel,7,495.3,14,2025-06-23
TXN-2887,East,Electronics,10,414.17,4,2025-01-18
TXN-2888,North,Groceries,7,148.87,20,2025-02-08
TXN-2889,South,Groceries,6,306.15,18,2025-03-04
TXN-2890,East,Apparel,1,447.53,26,2025-02-15
TXN-2891,North,Toys,7,81.16,15,2025-02-22
TXN-2892,North,Apparel,8,161.26,0,2025-03-24
TXN-2893,North,Groceries,9,27.17,4,2025-02-23
TXN-2894,South,Electronics,6,434.06,20,2025-06-14
TXN-2895,East,Toys,14,151.37,3,2025-06-24
TXN-2896,East,Electronics,2,87,16,2025-02-28
TXN-2897,East,Books,5,286.94,8,2025-04-28
TXN-2898,North,Apparel,13,348.76,22,2025-05-27
TXN-2899,East,Electronics,4,420.52,8,2025-03-06
TXN-2900,West,Toys,1,460.89,0,2025-03-14
TXN-2901,South,Apparel,13,313.06,24,2025-04-03
TXN-2902,South,Electronics,5,204.47,15,2025-04-10
TXN-2903,South,Electronics,9,192.89,26,2025-06-03
TXN-2904,West,Books,5,137.87,24,2025-06-21
TXN-2905,North,Groceries,10,135.38,16,2025-05-05
TXN-2906,West,Books,2,467.54,26,2025-03-09
TXN-2907,West,Books,7,393.13,26,2025-04-26
TXN-2908,East,Apparel,8,82.84,11,2025-03-16
TXN-2909,East,Apparel,6,10.46,10,2025-01-16
TXN-2910,West,Toys,2,482.08,5,2025-02-25
TXN-2911,North,Apparel,7,10.98,24,2025-01-17
TXN-2912,West,Books,7,477.79,26,2025-04-11
TXN-2913,West,Electronics,2,89.2,19,2025-03-09
TXN-2914,South,Toys,14,271.5,23,2025-01-07
TXN-2915,South,Groceries,12,342.74,1,2025-03-08
TXN-2916,West,Electronics,3,289.85,29,2025-05-12
TXN-2917,East,Books,1,252.16,5,2025-06-14
TXN-2918,East,Electronics,12,274.87,17,2025-05-27
TXN-2919,West,Apparel,7,33.64,10,2025-04-25
TXN-2920,East,Toys,4,398.61,3,2025-06-05
TXN-2921,West,Books,9,335.62,26,2025-05-18
TXN-2922,West,Books,1,280.96,23,2025-05-06
TXN-2923,South,Electronics,2,243.44,9,2025-01-23
TXN-2924,East,Toys,8,310.76,17,2025-01-05
TXN-2925,North,Toys,10,45.64,9,2025-04-01
TXN-2926,North,Groceries,13,358.16,9,2025-06-27
TXN-2927,East,Apparel,7,294.94,21,2025-02-23
TXN-2928,East,Electronics,5,401.28,11,2025-03-25
TXN-2929,South,Electronics,1,152.87,13,2025-04-18
TXN-2930,North,Groceries,7,236.98,5,2025-02-06
TXN-2931,West,Groceries,11,10.14,26,2025-06-04
TXN-2932,North,Electronics,1,446.83,11,2025-04-23
TXN-2933,East,Groceries,4,463.44,4,2025-05-05
TXN-2934,North,Books,6,435.24,9,2025-04-10
TXN-2935,North,Electronics,2,257.92,18,2025-06-04
TXN-2936,West,Apparel,12,264.96,23,2025-01-12
TXN-2937,North,Electronics,6,42.3,26,2025-03-02
TXN-2938,West,Groceries,8,23.42,0,2025-04-12
TXN-2939,South,Groceries,2,287.5,23,2025-01-14
TXN-2940,North,Books,6,401.22,20,2025-05-21
TXN-2941,West,Apparel,6,205.18,23,2025-01-22
TXN-2942,West,Electronics,12,226.19,9,2025-01-01
TXN-2943,West,Apparel,7,286.02,22,2025-03-05
TXN-2944,North,Toys,14,491.07,28,2025-01-25
TXN-2945,North,Electronics,4,98.42,9,2025-01-21
TXN-2946,East,Electronics,9,135.41,19,2025-04-16
TXN-2947,South,Groceries,2,233.65,14,2025-02-01
TXN-2948,South,Books,4,476.76,17,2025-04-10
TXN-2949,West,Apparel,6,419.22,27,2025-05-03
TXN-2950,North,Apparel,4,499.25,9,2025-01-01
TXN-2951,South,Books,5,46.06,19,2025-06-23
TXN-2952,South,Books,8,244.14,26,2025-05-24
TXN-2953,North,Electronics,4,377.97,12,2025-06-14
TXN-2954,East,Groceries,6,382.03,14,2025-02-26
TXN-2955,West,Books,7,86.69,0,2025-06-04
TXN-2956,North,Books,13,470.63,15,2025-03-22
TXN-2957,East,Books,6,26.27,7,2025-06-27
TXN-2958,East,Electronics,4,449.14,16,2025-05-05
TXN-2959,East,Books,5,76.93,27,2025-04-16
TXN-2960,West,Electronics,5,424.2,21,2025-01-25
TXN-2961,North,Groceries,12,444.9,22,2025-01-13
TXN-2962,South,Electronics,11,122.49,30,2025-02-12
TXN-2963,West,Groceries,4,245.23,29,2025-03-04
TXN-2964,North,Apparel,12,321.36,6,2025-04-27
TXN-2965,West,Electronics,3,281.26,1,2025-03-24
TXN-2966,East,Apparel,1,396.78,22,2025-02-20
TXN-2967,West,Apparel,13,442.46,3,2025-01-07
TXN-2968,West,Electronics,6,369.05,23,2025-01-18
TXN-2969,West,Electronics,4,272.13,15,2025-03-12
TXN-2970,North,Apparel,10,475.48,17,2025-01-26
TXN-2971,West,Groceries,10,133.69,12,2025-02-03
TXN-2972,West,Books,11,47.39,21,2025-06-15
TXN-2973,West,Books,12,147.87,6,2025-06-10
TXN-2974,South,Toys,4,110.05,9,2025-05-23
TXN-2975,North,Groceries,14,277.12,10,2025-01-28
TXN-2976,West,Toys,7,182.31,16,2025-05-24
TXN-2977,North,Apparel,7,411.27,27,2025-01-15
TXN-2978,East,Books,10,187.88,17,2025-03-07
TXN-2979,South,Apparel,1,63.43,8,2025-06-12
TXN-2980,East,Books,8,177.6,16,2025-01-25
TXN-2981,North,Groceries,14,349.28,15,2025-02-03
TXN-2982,South,Toys,6,219.27,8,2025-03-21
TXN-2983,South,Groceries,3,395.06,22,2025-02-21
TXN-2984,North,Apparel,4,126.7,13,2025-03-25
TXN-2985,East,Books,7,175.71,20,2025-04-25
TXN-2986,East,Toys,10,46.25,4,2025-02-01
TXN-2987,East,Toys,10,499.46,21,2025-02-17
TXN-2988,East,Groceries,8,402.88,4,2025-06-24
TXN-2989,West,Toys,7,42.31,6,2025-04-25
TXN-2990,West,Books,2,324.07,26,2025-06-22
TXN-2991,East,Apparel,10,294.64,22,2025-04-03
TXN-2992,West,Apparel,4,374.14,9,2025-01-05
TXN-2993,East,Books,8,255.62,1,2025-04-19
TXN-2994,North,Groceries,1,474,4,2025-05-19
TXN-2995,West,Apparel,6,413.52,25,2025-01-12
TXN-2996,West,Books,4,222.47,24,2025-01-09
TXN-2997,North,Groceries,5,460.28,22,2025-02-13
TXN-2998,West,Apparel,2,412.03,3,2025-03-08
TXN-2999,South,Toys,9,283.35,12,2025-01-24
TXN-3000,West,Books,13,238.64,22,2025-05-03
TXN-3001,North,Groceries,1,137.75,10,2025-06-14
TXN-3002,North,Toys,1,224.41,6,2025-05-14
TXN-3003,North,Groceries,1,359.88,5,2025-04-16
TXN-3004,North,Apparel,13,185.41,15,2025-01-04
TXN-3005,South,Apparel,7,494.38,11,2025-06-16
TXN-3006,North,Electronics,8,384.82,24,2025-02-16
TXN-3007,North,Toys,2,114.3,10,2025-06-07
TXN-3008,East,Books,11,281.79,16,2025-06-06
TXN-3009,East,Electronics,13,430.3,10,2025-05-22
TXN-3010,South,Apparel,7,421.67,28,2025-05-24
TXN-3011,North,Apparel,14,198.7,0,2025-01-07
TXN-3012,West,Toys,3,80.91,27,2025-05-07
TXN-3013,South,Toys,7,416.78,10,2025-04-28
TXN-3014,West,Toys,13,228.55,24,2025-05-18
TXN-3015,North,Toys,6,210.29,12,2025-04-04
TXN-3016,South,Books,3,266.63,29,2025-05-23
TXN-3017,South,Toys,10,237.84,16,2025-05-28
TXN-3018,West,Electronics,1,295.88,27,2025-02-09
TXN-3019,West,Electronics,14,122.06,19,2025-06-11
TXN-3020,North,Toys,11,247.59,3,2025-01-05
TXN-3021,West,Groceries,5,206.23,5,2025-03-22
TXN-3022,West,Electronics,14,130.8,19,2025-01-27
TXN-3023,East,Groceries,12,261.1,25,2025-05-08
TXN-3024,West,Groceries,5,170.36,13,2025-03-23
TXN-3025,West,Books,14,218.98,26,2025-06-22
TXN-3026,West,Toys,3,361.8,16,2025-06-24
TXN-3027,West,Books,14,496.96,13,2025-03-23
TXN-3028,South,Books,14,147.14,27,2025-01-10
TXN-3029,North,Electronics,2,369.41,29,2025-06-03
TXN-3030,North,Electronics,12,394.74,4,2025-06-05
TXN-3031,East,Toys,12,154.2,13,2025-06-23
TXN-3032,South,Groceries,5,492.09,0,2025-04-26
TXN-3033,North,Electronics,3,471.06,14,2025-05-24
TXN-3034,East,Electronics,14,289.27,22,2025-04-28
TXN-3035,West,Electronics,3,150.03,19,2025-05-15
TXN-3036,South,Electronics,14,242.29,16,2025-05-07
TXN-3037,East,Toys,11,482.29,5,2025-01-10
TXN-3038,West,Toys,12,354.25,10,2025-06-06
TXN-3039,East,Books,11,351.95,25,2025-02-08
TXN-3040,North,Electronics,10,195.53,12,2025-05-24
TXN-3041,West,Electronics,7,465.87,19,2025-06-27
TXN-3042,South,Groceries,9,285.98,19,2025-06-14
TXN-3043,South,Groceries,9,152.96,10,2025-05-22
TXN-3044,South,Groceries,11,352.04,29,2025-04-13
TXN-3045,East,Electronics,9,385.64,15,2025-01-10
TXN-3046,East,Groceries,11,356.02,7,2025-01-28
TXN-3047,East,Electronics,2,105.03,24,2025-04-10
TXN-3048,West,Electronics,2,42.3,1,2025-03-02
TXN-3049,West,Toys,4,346,15,2025-05-13
TXN-3050,North,Electronics,12,68.83,3,2025-06-23
TXN-3051,West,Books,9,60.33,25,2025-05-17
TXN-3052,North,Toys,8,76.23,2,2025-06-25
TXN-3053,West,Apparel,10,241.47,8,2025-04-20
TXN-3054,East,Apparel,1,364.05,16,2025-03-12
TXN-3055,North,Groceries,2,340.81,17,2025-05-20
TXN-3056,South,Apparel,14,123.15,15,2025-05-19
TXN-3057,North,Toys,8,213.52,17,2025-02-26
TXN-3058,East,Electronics,10,420.61,3,2025-02-11
TXN-3059,South,Apparel,6,148.79,5,2025-01-12
TXN-3060,South,Apparel,7,276.07,6,2025-04-03
TXN-3061,West,Toys,4,402.11,1,2025-04-24
TXN-3062,West,Apparel,5,483.78,15,2025-04-05
TXN-3063,North,Apparel,12,231.98,9,2025-01-14
TXN-3064,West,Apparel,14,168.73,8,2025-05-20
TXN-3065,South,Electronics,13,186.52,25,2025-04-18
TXN-3066,South,Apparel,1,42.11,15,2025-03-19
TXN-3067,North,Electronics,5,332.9,7,2025-01-14
TXN-3068,North,Toys,2,440.27,18,2025-01-17
TXN-3069,North,Groceries,7,384.75,4,2025-04-25
TXN-3070,South,Apparel,9,346.54,16,2025-06-02
TXN-3071,North,Toys,6,408.84,25,2025-06-17
TXN-3072,East,Toys,10,16.06,7,2025-02-20
TXN-3073,South,Toys,7,113.89,0,2025-02-14
TXN-3074,North,Apparel,5,188.06,23,2025-05-27
TXN-3075,East,Toys,14,364.86,13,2025-06-05
TXN-3076,West,Toys,1,400.73,0,2025-04-07
TXN-3077,East,Books,11,453.08,6,2025-06-07
TXN-3078,East,Electronics,7,263.75,18,2025-06-20
TXN-3079,North,Electronics,7,29.5,19,2025-06-04
TXN-3080,West,Toys,5,411.19,15,2025-04-09
TXN-3081,North,Apparel,6,493.48,7,2025-03-16
TXN-3082,West,Apparel,7,285.66,22,2025-06-23
TXN-3083,East,Apparel,3,420.09,15,2025-04-03
TXN-3084,East,Toys,11,205.78,2,2025-05-22
TXN-3085,North,Apparel,2,353.84,28,2025-04-08
TXN-3086,East,Electronics,8,176.64,3,2025-03-13
TXN-3087,East,Books,7,451.59,9,2025-03-25
TXN-3088,North,Electronics,14,14.14,7,2025-03-02
TXN-3089,West,Toys,9,83.29,24,2025-04-20
TXN-3090,North,Groceries,13,410.07,16,2025-06-12
TXN-3091,South,Toys,7,194.95,19,2025-01-03
TXN-3092,East,Groceries,7,389.28,27,2025-06-12
TXN-3093,South,Electronics,10,341.3,6,2025-06-04
TXN-3094,South,Books,3,173.5,23,2025-03-24
TXN-3095,East,Toys,2,394.5,14,2025-05-13
TXN-3096,South,Apparel,9,311.28,29,2025-02-11
TXN-3097,South,Electronics,6,451.15,9,2025-05-20
TXN-3098,South,Electronics,2,170.15,9,2025-01-28
TXN-3099,East,Groceries,1,436.3,7,2025-01-18
TXN-3100,East,Apparel,14,212.56,29,2025-06-05
TXN-3101,East,Electronics,1,132.01,22,2025-01-21
TXN-3102,West,Books,7,227.68,4,2025-03-22
TXN-3103,South,Books,7,92.52,14,2025-05-21
TXN-3104,North,Apparel,11,362.11,23,2025-05-05
TXN-3105,East,Groceries,7,185.17,16,2025-04-21
TXN-3106,North,Electronics,2,295.71,7,2025-06-01
TXN-3107,South,Toys,6,56.15,26,2025-02-19
TXN-3108,South,Apparel,4,238.38,13,2025-03-09
TXN-3109,South,Groceries,8,479.25,16,2025-02-09
TXN-3110,South,Books,2,306.02,0,2025-03-20
TXN-3111,West,Groceries,9,119.73,22,2025-05-23
TXN-3112,West,Groceries,9,447.95,16,2025-02-14
TXN-3113,West,Groceries,13,60.31,13,2025-04-06
TXN-3114,West,Apparel,9,360.33,21,2025-01-20
TXN-3115,East,Groceries,7,423.22,29,2025-04-25
TXN-3116,North,Toys,4,364.89,15,2025-03-22
TXN-3117,West,Books,1,20.22,25,2025-04-28
TXN-3118,East,Electronics,8,304.54,15,2025-01-20
TXN-3119,West,Books,8,21.28,3,2025-02-18
TXN-3120,West,Electronics,1,284.79,19,2025-05-17
TXN-3121,East,Toys,6,463.42,14,2025-05-04
TXN-3122,East,Apparel,10,439.65,22,2025-06-14
TXN-3123,North,Books,4,242.84,4,2025-02-15
TXN-3124,East,Toys,10,204.23,3,2025-01-06
TXN-3125,West,Electronics,7,103.77,11,2025-01-25
TXN-3126,East,Electronics,10,23.04,18,2025-02-10
TXN-3127,South,Books,3,197.4,4,2025-06-10
TXN-3128,North,Books,2,238.58,3,2025-06-11
TXN-3129,West,Toys,8,171.91,29,2025-06-21
TXN-3130,East,Groceries,10,181.22,19,2025-04-24
TXN-3131,West,Apparel,7,293.14,5,2025-02-04
TXN-3132,West,Apparel,1,495.96,25,2025-04-06
TXN-3133,North,Groceries,11,142.97,15,2025-04-07
TXN-3134,South,Electronics,10,320.81,18,2025-06-10
TXN-3135,East,Apparel,1,264.22,16,2025-02-07
TXN-3136,North,Toys,13,469.1,7,2025-06-17
TXN-3137,North,Apparel,5,66.22,17,2025-03-07
TXN-3138,West,Books,2,74.14,18,2025-03-28
TXN-3139,South,Toys,14,291.51,24,2025-03-13
TXN-3140,North,Books,7,164.71,29,2025-06-10
TXN-3141,East,Books,5,122.66,20,2025-02-18
TXN-3142,East,Groceries,8,20.82,2,2025-05-15
TXN-3143,East,Books,6,460.18,8,2025-05-25
TXN-3144,West,Books,6,230.75,4,2025-01-19
TXN-3145,East,Books,12,316.41,27,2025-01-11
TXN-3146,North,Toys,13,470.08,10,2025-05-03
TXN-3147,South,Apparel,8,366.89,29,2025-04-18
TXN-3148,North,Electronics,6,338.63,15,2025-06-04
TXN-3149,West,Books,11,269.02,30,2025-01-09
TXN-3150,South,Toys,6,98.17,3,2025-03-17
TXN-3151,North,Apparel,14,468.53,23,2025-03-01
TXN-3152,East,Books,11,101.07,1,2025-04-13
TXN-3153,West,Apparel,14,212.13,7,2025-02-08
TXN-3154,West,Electronics,6,188.27,24,2025-06-20
TXN-3155,East,Electronics,8,410.18,0,2025-05-07
TXN-3156,East,Apparel,11,363.15,3,2025-03-11
TXN-3157,North,Electronics,5,464.39,26,2025-05-17
TXN-3158,South,Apparel,11,445.51,10,2025-03-04
TXN-3159,South,Apparel,9,482.8,10,2025-05-17
TXN-3160,East,Electronics,6,23.41,6,2025-02-20
TXN-3161,West,Groceries,10,74.5,28,2025-04-25
TXN-3162,North,Electronics,7,469.21,3,2025-03-06
TXN-3163,East,Toys,13,346.74,2,2025-02-11
TXN-3164,West,Electronics,11,383.91,24,2025-04-16
TXN-3165,West,Books,13,327.32,27,2025-03-15
TXN-3166,North,Electronics,11,217.52,8,2025-02-24
TXN-3167,East,Electronics,1,129.06,12,2025-06-13
TXN-3168,South,Apparel,5,78.11,9,2025-01-27
TXN-3169,North,Books,6,73.57,9,2025-02-03
TXN-3170,North,Apparel,5,110.42,20,2025-03-02
TXN-3171,East,Electronics,4,400.4,16,2025-03-27
TXN-3172,North,Toys,8,197.21,3,2025-03-16
TXN-3173,East,Apparel,8,292.97,17,2025-01-06
TXN-3174,North,Groceries,5,484.49,22,2025-03-04
TXN-3175,East,Toys,1,368.1,11,2025-05-13
TXN-3176,South,Electronics,5,388.97,0,2025-01-23
TXN-3177,North,Books,11,103.76,16,2025-04-20
TXN-3178,West,Toys,9,51.73,26,2025-04-10
TXN-3179,West,Books,12,410.34,25,2025-03-27
TXN-3180,West,Apparel,10,371.59,3,2025-02-23
TXN-3181,South,Electronics,12,284.53,12,2025-06-04
TXN-3182,East,Apparel,11,104.59,13,2025-04-24
TXN-3183,West,Apparel,10,268.35,3,2025-03-04
TXN-3184,North,Apparel,14,111.27,26,2025-02-17
TXN-3185,South,Electronics,7,214.55,27,2025-03-09
TXN-3186,East,Books,8,229.86,5,2025-02-18
TXN-3187,South,Electronics,9,197.03,2,2025-01-23
TXN-3188,North,Electronics,3,497.02,21,2025-03-22
TXN-3189,East,Books,5,280.76,16,2025-02-20
TXN-3190,South,Groceries,11,275.94,16,2025-03-04
TXN-3191,East,Electronics,2,467.59,15,2025-05-07
TXN-3192,South,Groceries,12,383.05,24,2025-02-06
TXN-3193,North,Groceries,6,110.89,16,2025-06-04
TXN-3194,West,Electronics,13,330.77,28,2025-06-02
TXN-3195,East,Books,12,277.3,20,2025-03-20
TXN-3196,West,Electronics,1,104.68,16,2025-02-20
TXN-3197,East,Apparel,12,372.83,16,2025-03-25
TXN-3198,North,Groceries,5,19.55,0,2025-04-11
TXN-3199,West,Electronics,4,288.31,5,2025-05-20
TXN-3200,South,Books,4,67.49,15,2025-02-23
TXN-3201,North,Groceries,1,10.12,13,2025-03-22
TXN-3202,East,Electronics,13,201.77,5,2025-04-18
TXN-3203,South,Apparel,8,335.77,9,2025-06-25
TXN-3204,West,Toys,9,180.48,30,2025-01-13
TXN-3205,East,Apparel,9,26.54,2,2025-06-05
TXN-3206,West,Groceries,1,299.26,18,2025-02-05
TXN-3207,North,Groceries,3,494.83,2,2025-06-03
TXN-3208,South,Toys,7,100.62,29,2025-01-08
TXN-3209,East,Groceries,10,223.81,9,2025-01-13
TXN-3210,East,Groceries,6,69.3,14,2025-04-19
TXN-3211,North,Apparel,2,353.95,22,2025-06-18
TXN-3212,South,Apparel,6,447.47,11,2025-01-02
TXN-3213,West,Electronics,12,73.72,27,2025-03-23
TXN-3214,West,Groceries,3,152.56,22,2025-04-06
TXN-3215,North,Books,13,318.9,12,2025-02-14
TXN-3216,North,Groceries,7,116.13,19,2025-02-09
TXN-3217,West,Groceries,8,475.4,11,2025-04-02
TXN-3218,North,Apparel,14,294.44,26,2025-02-03
TXN-3219,North,Books,6,499.81,13,2025-03-10
TXN-3220,East,Apparel,4,478.37,17,2025-05-22
TXN-3221,West,Groceries,13,127.73,16,2025-06-07
TXN-3222,North,Toys,5,174.72,5,2025-06-26
TXN-3223,South,Books,1,276.84,11,2025-01-02
TXN-3224,South,Electronics,4,117.61,29,2025-02-24
TXN-3225,West,Groceries,14,412.88,8,2025-02-27
TXN-3226,North,Electronics,5,179.44,26,2025-01-07
TXN-3227,South,Electronics,10,136.15,13,2025-02-11
TXN-3228,East,Groceries,6,100.83,21,2025-03-19
TXN-3229,South,Toys,1,282.81,12,2025-02-20
TXN-3230,South,Groceries,8,439.15,29,2025-02-18
TXN-3231,West,Toys,3,262.51,25,2025-01-28
TXN-3232,North,Apparel,14,276.67,13,2025-02-28
TXN-3233,North,Apparel,9,304.61,8,2025-06-28
TXN-3234,South,Groceries,12,230.04,17,2025-06-23
TXN-3235,East,Electronics,6,234.07,23,2025-05-05
TXN-3236,East,Groceries,10,434.44,21,2025-02-06
TXN-3237,North,Electronics,1,488.46,21,2025-02-03
TXN-3238,West,Books,4,343.61,19,2025-03-09
TXN-3239,South,Apparel,1,140.86,5,2025-02-05
TXN-3240,South,Apparel,2,340.96,25,2025-04-11
TXN-3241,South,Books,11,303.49,24,2025-02-16
TXN-3242,South,Toys,7,429.26,22,2025-06-21
TXN-3243,South,Electronics,11,72.83,25,2025-01-12
TXN-3244,West,Toys,9,257.05,0,2025-05-01
TXN-3245,South,Books,5,431.98,21,2025-03-20
TXN-3246,West,Apparel,2,416.28,23,2025-01-06
TXN-3247,East,Apparel,6,235.03,13,2025-01-09
TXN-3248,South,Groceries,8,11.79,30,2025-04-13
TXN-3249,South,Electronics,2,393.74,16,2025-05-14
TXN-3250,West,Electronics,14,19.88,0,2025-03-16
TXN-3251,East,Toys,5,46.04,6,2025-02-28
TXN-3252,North,Electronics,1,291.77,21,2025-01-18
TXN-3253,East,Toys,13,360.17,7,2025-04-24
TXN-3254,South,Books,1,115.42,21,2025-05-10
TXN-3255,South,Apparel,7,216.21,23,2025-06-22
TXN-3256,East,Groceries,14,388.18,14,2025-03-12
TXN-3257,West,Electronics,3,428.72,27,2025-02-22
TXN-3258,South,Electronics,5,394.19,22,2025-01-23
TXN-3259,East,Groceries,13,270.33,19,2025-04-11
TXN-3260,West,Toys,3,467.26,25,2025-06-03
TXN-3261,East,Books,14,388.18,13,2025-03-06
TXN-3262,West,Books,6,397.06,17,2025-01-16
TXN-3263,South,Electronics,9,20.31,29,2025-06-21
TXN-3264,West,Electronics,4,417.63,0,2025-02-22
TXN-3265,South,Electronics,13,36.5,21,2025-06-07
TXN-3266,North,Groceries,1,160.57,19,2025-05-20
TXN-3267,South,Apparel,11,44.56,26,2025-03-17
TXN-3268,South,Apparel,13,442.56,11,2025-04-03
TXN-3269,West,Toys,14,215.19,13,2025-03-08
TXN-3270,West,Apparel,11,444.71,9,2025-01-03
TXN-3271,West,Toys,10,173.97,1,2025-04-04
TXN-3272,East,Apparel,11,93.2,5,2025-06-20
TXN-3273,East,Electronics,3,168.45,4,2025-03-12
TXN-3274,East,Electronics,13,103.49,13,2025-04-08
TXN-3275,North,Electronics,3,270.12,15,2025-05-12
TXN-3276,West,Electronics,8,168.44,29,2025-02-27
TXN-3277,North,Electronics,4,131.64,18,2025-02-15
TXN-3278,South,Apparel,8,90.42,21,2025-01-21
TXN-3279,East,Books,3,305.33,26,2025-04-27
TXN-3280,South,Apparel,9,347.98,8,2025-04-08
TXN-3281,West,Toys,1,104.62,14,2025-03-03
TXN-3282,West,Toys,14,421.36,23,2025-04-11
TXN-3283,South,Toys,6,402.42,21,2025-03-17
TXN-3284,South,Apparel,11,54.8,30,2025-05-22
TXN-3285,East,Toys,8,169.01,7,2025-04-17
TXN-3286,West,Apparel,14,117.68,19,2025-04-19
TXN-3287,North,Groceries,11,61.96,17,2025-01-25
TXN-3288,West,Groceries,13,285.95,21,2025-03-09
TXN-3289,North,Groceries,2,249.58,9,2025-02-21
TXN-3290,North,Groceries,8,256.81,24,2025-03-01
TXN-3291,North,Groceries,9,38.82,29,2025-02-20
TXN-3292,North,Books,14,214.27,27,2025-04-19
TXN-3293,South,Toys,11,290.39,9,2025-05-06
TXN-3294,South,Books,11,176.12,28,2025-01-11
TXN-3295,West,Groceries,9,394.83,27,2025-06-16
TXN-3296,West,Groceries,8,373.48,19,2025-01-08
TXN-3297,South,Electronics,2,218.78,2,2025-05-19
TXN-3298,East,Toys,14,244.47,25,2025-05-22
TXN-3299,East,Books,11,25.52,9,2025-03-01
TXN-3300,East,Groceries,9,10.97,3,2025-03-21
TXN-3301,South,Groceries,12,343.62,28,2025-06-20
TXN-3302,West,Toys,13,409.41,22,2025-01-14
TXN-3303,South,Toys,5,34.37,24,2025-03-04
TXN-3304,South,Toys,10,158.42,6,2025-04-18
TXN-3305,East,Apparel,6,493.54,28,2025-03-07
TXN-3306,South,Electronics,12,449.35,2,2025-05-23
TXN-3307,North,Books,4,305.77,17,2025-02-08
TXN-3308,East,Groceries,14,170.73,18,2025-06-04
TXN-3309,South,Electronics,6,358.97,2,2025-01-10
TXN-3310,North,Apparel,12,402.98,7,2025-06-22
TXN-3311,East,Apparel,3,355.61,9,2025-02-17
TXN-3312,West,Apparel,10,329.53,10,2025-01-12
TXN-3313,North,Apparel,10,158.82,3,2025-01-13
TXN-3314,West,Apparel,3,497.01,14,2025-06-22
TXN-3315,South,Groceries,12,173.13,16,2025-01-07
TXN-3316,West,Toys,9,149.98,16,2025-03-18
TXN-3317,East,Toys,1,367.58,29,2025-01-28
TXN-3318,North,Electronics,7,66.23,9,2025-04-28
TXN-3319,North,Books,10,433.01,25,2025-04-09
TXN-3320,North,Books,5,408.75,5,2025-02-25
TXN-3321,East,Electronics,1,296.59,25,2025-03-15
TXN-3322,East,Electronics,4,258.62,23,2025-02-25
TXN-3323,North,Groceries,4,123.39,7,2025-05-16
TXN-3324,West,Books,6,358.33,10,2025-04-24
TXN-3325,West,Toys,13,387.59,3,2025-03-23
TXN-3326,North,Apparel,8,250.9,13,2025-03-07
TXN-3327,West,Apparel,5,43.78,13,2025-06-11
TXN-3328,East,Electronics,9,469.54,10,2025-06-17
TXN-3329,North,Apparel,13,237.57,21,2025-06-24
TXN-3330,South,Groceries,11,320.81,2,2025-01-27
TXN-3331,West,Toys,11,401.69,9,2025-06-11
TXN-3332,South,Electronics,9,462.65,14,2025-02-18
TXN-3333,East,Groceries,12,399.49,7,2025-01-15
TXN-3334,West,Toys,1,377.19,12,2025-03-11
TXN-3335,North,Toys,7,182.96,12,2025-05-23
TXN-3336,South,Books,2,13.42,6,2025-04-24
TXN-3337,East,Groceries,8,116.93,6,2025-05-22
TXN-3338,North,Books,12,422.21,14,2025-06-03
TXN-3339,North,Toys,1,458.86,30,2025-03-15
TXN-3340,South,Groceries,8,46.44,25,2025-02-12
TXN-3341,South,Toys,12,25.06,20,2025-03-10
TXN-3342,South,Apparel,8,110.17,19,2025-01-21
TXN-3343,East,Apparel,8,474.3,22,2025-03-24
TXN-3344,North,Electronics,2,111.81,10,2025-01-09
TXN-3345,North,Books,3,188.5,11,2025-04-15
TXN-3346,North,Electronics,12,405.93,22,2025-04-17
TXN-3347,North,Apparel,10,193.36,25,2025-05-08
TXN-3348,East,Electronics,2,63.51,18,2025-03-24
TXN-3349,East,Toys,12,164.9,1,2025-03-08
TXN-3350,East,Groceries,12,135.77,6,2025-04-16
TXN-3351,East,Toys,2,497.64,7,2025-06-22
TXN-3352,East,Groceries,12,265.7,0,2025-03-10
TXN-3353,West,Electronics,4,390.17,20,2025-04-05
TXN-3354,South,Books,7,342,9,2025-05-06
TXN-3355,North,Books,2,307.91,22,2025-01-07
TXN-3356,South,Books,2,172.98,2,2025-01-13
TXN-3357,South,Books,12,27.66,28,2025-04-28
TXN-3358,South,Apparel,7,269.93,12,2025-02-26
TXN-3359,East,Toys,5,470.72,17,2025-03-06
TXN-3360,East,Toys,13,155.12,3,2025-04-10
TXN-3361,North,Electronics,7,301.71,21,2025-01-16
TXN-3362,West,Toys,9,198.95,6,2025-05-03
TXN-3363,South,Toys,2,167.35,10,2025-04-25
TXN-3364,South,Toys,6,260.92,8,2025-05-17
TXN-3365,South,Books,11,402.53,19,2025-03-02
TXN-3366,South,Electronics,14,349.43,10,2025-05-05
TXN-3367,West,Toys,8,176.48,2,2025-02-19
TXN-3368,North,Books,14,400.86,14,2025-05-26
TXN-3369,South,Electronics,2,227.2,30,2025-05-07
TXN-3370,West,Books,9,294.45,1,2025-06-12
TXN-3371,East,Electronics,9,495.6,22,2025-03-27
TXN-3372,North,Books,3,93.83,28,2025-02-17
TXN-3373,North,Toys,1,96.96,4,2025-01-19
TXN-3374,West,Books,4,188.86,28,2025-01-28
TXN-3375,West,Books,11,30,7,2025-03-11
TXN-3376,East,Groceries,12,371.46,30,2025-02-09
TXN-3377,North,Books,4,33.18,19,2025-05-15
TXN-3378,North,Apparel,6,454.07,23,2025-04-21
TXN-3379,South,Groceries,9,403.14,29,2025-03-08
TXN-3380,West,Apparel,2,336.48,6,2025-03-20
TXN-3381,South,Electronics,7,90.33,10,2025-05-25
TXN-3382,West,Books,5,150.02,14,2025-04-11
TXN-3383,South,Groceries,2,247.51,19,2025-03-25
TXN-3384,West,Electronics,14,30.74,1,2025-03-25
TXN-3385,South,Electronics,6,220.79,25,2025-05-12
TXN-3386,South,Books,11,216.4,26,2025-03-24
TXN-3387,South,Groceries,8,244.24,27,2025-03-20
TXN-3388,North,Books,3,290.59,26,2025-03-27
TXN-3389,North,Apparel,2,159.79,30,2025-03-12
TXN-3390,West,Books,12,324.95,29,2025-01-26
TXN-3391,South,Groceries,1,386.5,0,2025-04-02
TXN-3392,West,Apparel,8,81.95,5,2025-03-25
TXN-3393,North,Electronics,13,485.86,14,2025-03-08
TXN-3394,South,Toys,2,437.07,12,2025-04-26
TXN-3395,South,Toys,12,480.64,24,2025-04-14
TXN-3396,East,Electronics,12,410.33,27,2025-01-25
TXN-3397,North,Apparel,3,414.67,17,2025-05-01
TXN-3398,East,Books,10,235.35,20,2025-06-18
TXN-3399,West,Books,13,312.87,4,2025-04-28
TXN-3400,West,Toys,3,196.87,12,2025-04-22
TXN-3401,North,Electronics,3,296.33,11,2025-03-07
TXN-3402,North,Books,1,426.35,28,2025-04-25
TXN-3403,East,Electronics,8,77.77,25,2025-05-21
TXN-3404,North,Books,3,374.76,27,2025-02-18
TXN-3405,West,Books,7,92.47,6,2025-04-05
TXN-3406,West,Apparel,13,140.88,12,2025-05-16
TXN-3407,West,Books,11,129.55,3,2025-01-25
TXN-3408,East,Toys,4,281.96,1,2025-06-20
TXN-3409,North,Books,12,254.49,18,2025-02-02
TXN-3410,West,Toys,10,342.5,22,2025-05-28
TXN-3411,East,Toys,13,218.88,5,2025-02-04
TXN-3412,North,Apparel,8,383.5,24,2025-02-07
TXN-3413,South,Groceries,9,97.37,13,2025-05-21
TXN-3414,East,Electronics,11,416.5,15,2025-01-14
TXN-3415,North,Electronics,8,201.96,27,2025-06-11
TXN-3416,North,Groceries,2,440.25,18,2025-01-21
TXN-3417,East,Groceries,11,404.82,25,2025-05-28
TXN-3418,South,Electronics,8,154.58,7,2025-01-26
TXN-3419,East,Electronics,9,330.18,20,2025-05-05
TXN-3420,South,Books,6,445.12,26,2025-02-10
TXN-3421,West,Apparel,5,425.94,0,2025-01-20
TXN-3422,East,Electronics,1,354.55,15,2025-06-09
TXN-3423,North,Electronics,2,330.71,14,2025-03-24
TXN-3424,South,Apparel,4,468.63,17,2025-02-08
TXN-3425,South,Groceries,13,478.44,19,2025-04-14
TXN-3426,East,Groceries,7,118.5,6,2025-06-02
TXN-3427,North,Apparel,14,83.48,26,2025-02-27
TXN-3428,West,Groceries,4,205.52,15,2025-04-22
TXN-3429,West,Electronics,13,231.27,13,2025-02-24
TXN-3430,East,Electronics,11,437.53,25,2025-03-08
TXN-3431,West,Toys,7,131.34,24,2025-02-17
TXN-3432,West,Groceries,12,352.38,10,2025-04-24
TXN-3433,North,Toys,8,68.75,22,2025-04-01
TXN-3434,North,Apparel,11,393.64,5,2025-03-17
TXN-3435,South,Groceries,4,21.57,20,2025-01-25
TXN-3436,East,Books,3,362.61,5,2025-06-11
TXN-3437,West,Electronics,11,59.19,30,2025-04-22
TXN-3438,South,Electronics,11,69.64,8,2025-05-23
TXN-3439,North,Toys,7,303.44,30,2025-03-23
TXN-3440,North,Apparel,10,328.43,29,2025-03-15
TXN-3441,West,Apparel,6,274.56,20,2025-02-18
TXN-3442,South,Electronics,10,103.21,26,2025-01-24
TXN-3443,North,Apparel,13,208.89,2,2025-04-08
TXN-3444,North,Toys,2,108.2,17,2025-05-15
TXN-3445,East,Electronics,7,25.94,7,2025-04-03
TXN-3446,West,Groceries,9,316.23,5,2025-05-12
TXN-3447,East,Toys,6,74.48,29,2025-01-13
TXN-3448,West,Toys,4,442.28,8,2025-05-27
TXN-3449,East,Groceries,5,45.62,4,2025-05-17
TXN-3450,West,Groceries,3,312.67,22,2025-02-15
TXN-3451,North,Groceries,11,460.13,26,2025-03-23
TXN-3452,West,Toys,1,311.76,1,2025-04-19
TXN-3453,South,Groceries,3,480.93,4,2025-01-23
TXN-3454,North,Groceries,8,24.42,25,2025-05-26
TXN-3455,East,Groceries,8,121.35,29,2025-05-24
TXN-3456,South,Apparel,14,215.57,5,2025-05-08
TXN-3457,East,Groceries,7,51,28,2025-04-05
TXN-3458,North,Electronics,10,298.65,22,2025-01-05
TXN-3459,North,Groceries,13,20.81,27,2025-03-22
TXN-3460,South,Apparel,6,65.27,26,2025-06-24
TXN-3461,East,Electronics,8,486.92,16,2025-04-08
TXN-3462,West,Electronics,14,452.37,23,2025-04-03
TXN-3463,North,Books,9,120.15,20,2025-03-20
TXN-3464,North,Electronics,6,154.39,14,2025-01-13
TXN-3465,East,Electronics,14,49.19,10,2025-02-22
TXN-3466,West,Electronics,9,98.25,28,2025-01-17
TXN-3467,North,Books,2,60.81,22,2025-02-24
TXN-3468,East,Toys,13,95.38,3,2025-04-14
TXN-3469,North,Electronics,10,41.4,24,2025-02-12
TXN-3470,North,Books,12,225.14,8,2025-03-07
TXN-3471,East,Electronics,1,380.4,3,2025-01-08
TXN-3472,North,Groceries,3,382.09,19,2025-01-25
TXN-3473,South,Electronics,13,116.86,9,2025-05-22
TXN-3474,West,Books,2,68.87,6,2025-01-24
TXN-3475,West,Groceries,10,217.58,18,2025-06-23
TXN-3476,East,Books,6,497.48,6,2025-06-12
TXN-3477,West,Apparel,5,88.84,15,2025-05-07
TXN-3478,West,Books,4,490.76,14,2025-05-21
TXN-3479,North,Books,9,461.72,12,2025-01-28
TXN-3480,West,Apparel,5,31.41,2,2025-04-02
TXN-3481,North,Apparel,4,59.15,11,2025-01-21
TXN-3482,South,Books,14,345.51,19,2025-01-12
TXN-3483,South,Apparel,7,66.91,2,2025-04-06
TXN-3484,West,Toys,2,396.39,12,2025-06-23
TXN-3485,West,Books,2,214.14,5,2025-04-04
TXN-3486,South,Books,13,62.17,30,2025-04-19
TXN-3487,North,Toys,4,404.75,18,2025-04-03
TXN-3488,North,Books,13,16.77,27,2025-02-27
TXN-3489,East,Electronics,5,475.71,28,2025-03-07
TXN-3490,West,Books,4,224.7,8,2025-06-12
TXN-3491,South,Apparel,1,55.22,16,2025-05-01
TXN-3492,North,Books,14,409.73,22,2025-06-08
TXN-3493,North,Electronics,6,155.07,5,2025-05-10
TXN-3494,West,Apparel,3,49.24,13,2025-02-05
TXN-3495,West,Books,6,167.02,20,2025-04-19
TXN-3496,South,Books,13,186.72,29,2025-04-15
TXN-3497,South,Groceries,2,95.43,29,2025-05-18
TXN-3498,East,Books,2,61.41,3,2025-04-07
TXN-3499,West,Books,1,45.77,26,2025-02-15
TXN-3500,West,Toys,7,45.21,19,2025-05-07
TXN-3501,South,Apparel,14,123.89,24,2025-04-04
TXN-3502,North,Electronics,13,257.75,16,2025-02-15
TXN-3503,North,Groceries,4,286.71,13,2025-03-02
TXN-3504,North,Books,5,49.54,0,2025-03-10
TXN-3505,East,Toys,2,162.17,11,2025-03-01
TXN-3506,South,Groceries,13,155.64,3,2025-05-02
TXN-3507,West,Electronics,8,167.45,0,2025-05-03
TXN-3508,South,Groceries,8,108.46,6,2025-02-12
TXN-3509,East,Toys,3,398.96,24,2025-04-03
TXN-3510,South,Books,3,93.47,15,2025-05-23
TXN-3511,North,Groceries,4,171.25,30,2025-02-17
TXN-3512,West,Toys,11,496.26,7,2025-02-20
TXN-3513,South,Apparel,2,90.43,19,2025-05-05
TXN-3514,East,Toys,8,157.05,30,2025-03-07
TXN-3515,South,Groceries,3,268.31,8,2025-03-02
TXN-3516,West,Groceries,13,123.01,25,2025-05-28
TXN-3517,West,Groceries,12,284.86,12,2025-01-06
TXN-3518,North,Electronics,1,435.83,19,2025-03-26
TXN-3519,East,Toys,1,496.54,11,2025-03-22
TXN-3520,South,Toys,7,475.37,19,2025-03-27
TXN-3521,South,Groceries,14,401.41,6,2025-04-02
TXN-3522,South,Toys,11,293.82,0,2025-01-12
TXN-3523,South,Electronics,10,333.3,4,2025-02-26
TXN-3524,South,Books,4,233.95,6,2025-04-08
TXN-3525,West,Groceries,9,382.16,7,2025-06-17
TXN-3526,West,Electronics,1,221.01,26,2025-02-24
TXN-3527,North,Groceries,6,176.49,10,2025-01-12
TXN-3528,South,Books,5,257.69,1,2025-06-04
TXN-3529,South,Toys,5,11.88,23,2025-04-02
TXN-3530,South,Electronics,12,387.05,25,2025-03-07
TXN-3531,North,Apparel,4,142.91,2,2025-03-01
TXN-3532,East,Books,2,421.52,26,2025-02-15
TXN-3533,East,Groceries,4,113.98,15,2025-03-28
TXN-3534,South,Toys,6,54.56,24,2025-05-21
TXN-3535,North,Apparel,8,267.68,4,2025-03-18
TXN-3536,North,Electronics,4,478.66,2,2025-06-14
TXN-3537,West,Groceries,3,455.13,16,2025-06-07
TXN-3538,West,Apparel,8,174.96,8,2025-05-28
TXN-3539,West,Books,3,160.45,8,2025-03-21
TXN-3540,North,Apparel,5,354.98,27,2025-02-27
TXN-3541,South,Electronics,4,207.86,15,2025-04-18
TXN-3542,East,Groceries,3,129,16,2025-03-25
TXN-3543,North,Electronics,3,446.12,19,2025-03-20
TXN-3544,South,Electronics,10,410.02,23,2025-04-13
TXN-3545,East,Books,3,322.28,9,2025-04-15
TXN-3546,East,Groceries,14,385.11,11,2025-03-06
TXN-3547,East,Books,1,375.48,26,2025-02-02
TXN-3548,East,Electronics,12,137.56,7,2025-01-27
TXN-3549,West,Toys,9,380.55,4,2025-05-25
TXN-3550,South,Books,9,122.8,10,2025-03-23
TXN-3551,East,Groceries,2,137.81,15,2025-05-01
TXN-3552,North,Apparel,1,446.95,12,2025-01-13
TXN-3553,East,Groceries,6,40.61,17,2025-04-16
TXN-3554,East,Groceries,1,115.12,10,2025-01-15
TXN-3555,North,Apparel,8,267.03,7,2025-05-21
TXN-3556,West,Toys,14,366.12,29,2025-06-08
TXN-3557,North,Apparel,13,375.59,13,2025-05-20
TXN-3558,East,Groceries,3,380.69,8,2025-01-26
TXN-3559,West,Electronics,1,97.58,14,2025-01-17
TXN-3560,North,Apparel,6,101.78,22,2025-06-09
TXN-3561,East,Groceries,5,319.09,8,2025-05-19
TXN-3562,West,Electronics,7,453.12,26,2025-03-13
TXN-3563,North,Groceries,11,481.49,25,2025-06-23
TXN-3564,East,Books,8,240.42,21,2025-06-25
TXN-3565,West,Apparel,8,353.9,11,2025-06-24
TXN-3566,West,Books,2,12.04,7,2025-01-10
TXN-3567,West,Apparel,4,318.47,4,2025-06-17
TXN-3568,North,Apparel,4,453.05,15,2025-01-26
TXN-3569,South,Toys,3,288.98,24,2025-06-22
TXN-3570,East,Books,3,247.14,18,2025-03-16
TXN-3571,East,Toys,14,296.55,14,2025-04-25
TXN-3572,South,Groceries,12,274.1,8,2025-05-28
TXN-3573,West,Groceries,12,425.17,28,2025-03-22
TXN-3574,North,Books,7,223.19,17,2025-02-07
TXN-3575,East,Electronics,3,276.25,1,2025-05-15
TXN-3576,West,Groceries,5,34.79,0,2025-01-15
TXN-3577,East,Groceries,1,268.75,24,2025-05-04
TXN-3578,East,Apparel,9,342.29,24,2025-03-27
TXN-3579,East,Apparel,3,451.75,20,2025-05-08
TXN-3580,North,Toys,14,112.72,14,2025-06-02
TXN-3581,North,Apparel,12,454.16,7,2025-04-11
TXN-3582,East,Apparel,13,392.69,3,2025-01-17
TXN-3583,East,Apparel,13,144.42,17,2025-02-07
TXN-3584,East,Electronics,3,189.08,7,2025-02-10
TXN-3585,East,Electronics,5,157.52,1,2025-04-23
TXN-3586,West,Books,11,278.29,17,2025-01-27
TXN-3587,North,Groceries,2,281.54,21,2025-04-18
TXN-3588,North,Electronics,14,458.54,26,2025-02-19
TXN-3589,South,Toys,8,497.85,1,2025-01-07
TXN-3590,South,Apparel,7,38.39,23,2025-05-17
TXN-3591,East,Electronics,11,495.32,8,2025-04-07
TXN-3592,West,Electronics,12,271.86,22,2025-03-22
TXN-3593,West,Groceries,6,108.99,4,2025-04-06
TXN-3594,North,Groceries,8,274.2,22,2025-05-01
TXN-3595,East,Toys,7,471.52,0,2025-04-23
TXN-3596,North,Groceries,13,287.69,12,2025-03-20
TXN-3597,East,Toys,7,160.92,13,2025-03-17
TXN-3598,North,Electronics,12,313.36,12,2025-03-04
TXN-3599,West,Electronics,7,281.9,7,2025-02-25
TXN-3600,South,Groceries,9,351.09,30,2025-06-26
TXN-3601,North,Apparel,9,369.02,15,2025-04-07
TXN-3602,East,Electronics,4,148.66,13,2025-03-08
TXN-3603,East,Toys,5,320.89,20,2025-02-02
TXN-3604,North,Apparel,1,96.7,25,2025-02-04
TXN-3605,South,Books,9,233.8,20,2025-01-17
TXN-3606,East,Groceries,13,455.25,27,2025-03-26
TXN-3607,North,Groceries,4,405.89,18,2025-06-24
TXN-3608,East,Groceries,1,162.87,27,2025-01-20
TXN-3609,West,Toys,8,336.4,3,2025-01-10
TXN-3610,North,Toys,12,386.1,21,2025-06-12
TXN-3611,South,Apparel,11,394.83,4,2025-06-23
TXN-3612,South,Toys,6,122.71,8,2025-05-11
TXN-3613,East,Apparel,3,392.8,28,2025-04-25
TXN-3614,East,Groceries,4,381.76,17,2025-06-08
TXN-3615,East,Apparel,1,454.01,12,2025-02-27
TXN-3616,West,Groceries,8,373.73,27,2025-05-06
TXN-3617,West,Electronics,7,423.03,29,2025-04-10
TXN-3618,North,Toys,14,393.06,16,2025-05-08
TXN-3619,North,Apparel,1,292.61,16,2025-04-03
TXN-3620,South,Groceries,5,440.32,14,2025-05-14
TXN-3621,North,Toys,1,21.19,21,2025-05-26
TXN-3622,North,Books,13,308.12,28,2025-04-07
TXN-3623,West,Electronics,2,440.48,20,2025-05-13
TXN-3624,West,Apparel,3,178.84,3,2025-04-03
TXN-3625,West,Electronics,14,250.96,26,2025-06-25
TXN-3626,North,Books,11,416.41,10,2025-06-04
TXN-3627,East,Electronics,14,307.96,26,2025-04-04
TXN-3628,South,Electronics,14,401.27,1,2025-03-02
TXN-3629,North,Books,10,301.25,25,2025-02-04
TXN-3630,East,Books,2,42.72,11,2025-05-19
TXN-3631,North,Groceries,1,161.35,10,2025-02-22
TXN-3632,South,Electronics,11,135.28,29,2025-04-02
TXN-3633,West,Books,10,406.83,25,2025-06-14
TXN-3634,North,Electronics,4,265.36,30,2025-06-19
TXN-3635,North,Books,8,238.8,13,2025-02-24
TXN-3636,West,Books,7,366.91,8,2025-05-06
TXN-3637,East,Books,5,437.6,2,2025-05-20
TXN-3638,West,Apparel,4,285.37,5,2025-01-22
TXN-3639,South,Books,12,176.14,2,2025-02-06
TXN-3640,South,Electronics,12,262.73,7,2025-01-12
TXN-3641,North,Groceries,2,278.12,9,2025-03-07
TXN-3642,North,Books,10,460.62,30,2025-02-06
TXN-3643,South,Groceries,13,137.15,2,2025-04-04
TXN-3644,North,Toys,6,99.53,30,2025-02-14
TXN-3645,East,Apparel,5,419.12,8,2025-06-20
TXN-3646,North,Electronics,1,440.06,16,2025-01-18
TXN-3647,West,Electronics,6,66.69,30,2025-06-02
TXN-3648,West,Books,4,86.72,8,2025-06-15
TXN-3649,East,Toys,6,163.75,22,2025-03-02
TXN-3650,South,Groceries,2,346.78,15,2025-02-06
TXN-3651,North,Books,6,271.54,15,2025-02-12
TXN-3652,East,Books,1,10.48,13,2025-06-12
TXN-3653,East,Electronics,10,13.11,5,2025-05-03
TXN-3654,South,Toys,8,413.65,17,2025-04-22
TXN-3655,West,Groceries,6,251.79,26,2025-05-20
TXN-3656,West,Books,9,392.05,3,2025-06-19
TXN-3657,East,Groceries,5,142.94,20,2025-05-16
TXN-3658,North,Apparel,10,169.45,3,2025-04-14
TXN-3659,North,Books,10,467.09,20,2025-05-19
TXN-3660,East,Toys,8,299.95,21,2025-05-01
TXN-3661,North,Electronics,4,32.82,13,2025-05-22
TXN-3662,South,Groceries,8,458,6,2025-04-25
TXN-3663,West,Toys,3,374.5,6,2025-05-05
TXN-3664,North,Books,12,243.89,0,2025-01-07
TXN-3665,East,Books,10,474.75,16,2025-06-01
TXN-3666,South,Apparel,4,340.88,22,2025-06-25
TXN-3667,East,Electronics,1,231.31,23,2025-05-02
TXN-3668,West,Groceries,12,248.49,26,2025-02-26
TXN-3669,North,Groceries,8,216.41,17,2025-05-19
TXN-3670,South,Books,14,340.85,27,2025-04-20
TXN-3671,South,Books,1,258.43,9,2025-03-25
TXN-3672,West,Books,1,135.92,5,2025-05-11
TXN-3673,South,Books,7,335.67,2,2025-02-23
TXN-3674,North,Toys,4,86.45,5,2025-01-06
TXN-3675,South,Electronics,11,437.06,11,2025-04-04
TXN-3676,South,Toys,14,277.53,1,2025-03-20
TXN-3677,East,Apparel,3,201.08,9,2025-06-26
TXN-3678,North,Apparel,1,399.77,27,2025-02-11
TXN-3679,North,Books,5,69.4,20,2025-03-11
TXN-3680,West,Groceries,6,401.16,7,2025-01-05
TXN-3681,North,Apparel,2,27.82,3,2025-04-23
TXN-3682,North,Electronics,11,449.43,8,2025-02-04
TXN-3683,East,Toys,2,240.71,23,2025-02-11
TXN-3684,West,Toys,6,195.42,9,2025-05-26
TXN-3685,South,Toys,9,30.81,23,2025-06-28
TXN-3686,North,Books,11,392.45,17,2025-01-20
TXN-3687,East,Apparel,4,209.53,7,2025-02-07
TXN-3688,South,Groceries,5,250.98,24,2025-01-21
TXN-3689,West,Toys,10,404.34,28,2025-06-21
TXN-3690,South,Electronics,12,259.81,5,2025-04-08
TXN-3691,West,Groceries,10,113.06,21,2025-02-08
TXN-3692,North,Groceries,14,50.61,21,2025-05-16
TXN-3693,South,Groceries,8,483.52,6,2025-02-26
TXN-3694,North,Electronics,14,326.19,29,2025-03-04
TXN-3695,South,Groceries,13,35.31,30,2025-04-20
TXN-3696,West,Toys,4,62.38,15,2025-05-24
TXN-3697,South,Toys,11,115.05,6,2025-06-02
TXN-3698,West,Groceries,8,478.84,10,2025-05-11
TXN-3699,North,Toys,8,370.01,3,2025-04-24
TXN-3700,West,Electronics,1,361.18,26,2025-03-06
TXN-3701,East,Groceries,13,368.41,1,2025-05-11
TXN-3702,South,Groceries,7,377.87,2,2025-04-17
TXN-3703,North,Groceries,2,313.38,10,2025-05-27
TXN-3704,West,Toys,6,192.85,0,2025-04-05
TXN-3705,East,Toys,7,181.14,26,2025-02-11
TXN-3706,North,Toys,4,157.19,30,2025-05-28
TXN-3707,South,Electronics,14,26.44,7,2025-05-04
TXN-3708,East,Books,2,258.18,8,2025-05-20
TXN-3709,East,Apparel,6,25.4,5,2025-05-02
TXN-3710,East,Books,6,118.92,6,2025-01-07
TXN-3711,East,Books,5,178.32,29,2025-03-28
TXN-3712,East,Groceries,5,386.35,1,2025-06-26
TXN-3713,West,Apparel,12,299.58,20,2025-03-17
TXN-3714,North,Books,4,409.68,28,2025-06-01
TXN-3715,North,Apparel,12,32.32,28,2025-01-21
TXN-3716,North,Toys,3,159.96,22,2025-06-07
TXN-3717,North,Electronics,4,78.58,4,2025-05-26
TXN-3718,East,Apparel,9,276.9,19,2025-03-16
TXN-3719,North,Electronics,8,25.54,30,2025-03-16
TXN-3720,West,Apparel,11,72.43,5,2025-05-24
TXN-3721,East,Toys,4,469.34,10,2025-01-15
TXN-3722,West,Electronics,10,396.5,2,2025-05-03
TXN-3723,North,Electronics,8,145.65,5,2025-01-17
TXN-3724,East,Toys,4,378.17,21,2025-02-17
TXN-3725,South,Apparel,1,487.13,2,2025-06-04
TXN-3726,West,Groceries,9,158.66,1,2025-01-11
TXN-3727,North,Books,4,442.56,14,2025-05-20
TXN-3728,South,Groceries,12,493.33,8,2025-06-18
TXN-3729,North,Electronics,3,331.78,28,2025-03-23
TXN-3730,South,Toys,12,23.02,29,2025-01-22
TXN-3731,West,Books,14,79.68,6,2025-05-26
TXN-3732,West,Electronics,13,109.71,27,2025-01-15
TXN-3733,South,Electronics,14,401.54,15,2025-06-01
TXN-3734,South,Apparel,10,67.48,17,2025-04-23
TXN-3735,North,Apparel,12,258.92,29,2025-04-18
TXN-3736,South,Books,12,41.72,22,2025-02-06
TXN-3737,West,Groceries,7,32.56,9,2025-01-07
TXN-3738,East,Books,4,239.68,22,2025-03-09
TXN-3739,South,Groceries,1,319.03,3,2025-04-03
TXN-3740,East,Electronics,10,460.25,27,2025-06-18
TXN-3741,South,Electronics,11,395.25,25,2025-03-17
TXN-3742,North,Electronics,1,145.9,17,2025-05-13
TXN-3743,East,Toys,1,117.75,10,2025-06-01
TXN-3744,East,Books,7,302.91,3,2025-03-19
TXN-3745,South,Toys,2,215.65,18,2025-02-05
TXN-3746,East,Apparel,10,463.5,22,2025-03-04
TXN-3747,North,Books,5,272.02,20,2025-01-26
TXN-3748,South,Toys,10,277.98,18,2025-05-04
TXN-3749,South,Groceries,3,357.6,28,2025-05-28
TXN-3750,South,Books,13,495.55,8,2025-06-14
TXN-3751,North,Groceries,5,298.69,27,2025-03-14
TXN-3752,West,Electronics,1,221.05,23,2025-06-11
TXN-3753,North,Apparel,13,489.56,0,2025-03-14
TXN-3754,North,Apparel,4,417.9,4,2025-05-16
TXN-3755,North,Apparel,8,202.1,13,2025-02-03
TXN-3756,South,Apparel,14,369.92,20,2025-03-09
TXN-3757,North,Electronics,4,80.64,18,2025-03-25
TXN-3758,East,Books,1,137.69,30,2025-06-16
TXN-3759,West,Electronics,11,360.44,28,2025-06-21
TXN-3760,East,Apparel,1,169.8,8,2025-05-19
TXN-3761,North,Books,4,191.47,5,2025-06-26
TXN-3762,South,Books,10,280.63,21,2025-03-11
TXN-3763,East,Apparel,2,228.27,16,2025-03-09
TXN-3764,South,Groceries,1,368.48,18,2025-04-17
TXN-3765,East,Groceries,12,168.31,6,2025-03-15
TXN-3766,North,Toys,13,414.27,20,2025-03-28
TXN-3767,North,Electronics,3,119.83,11,2025-01-11
TXN-3768,West,Books,13,378.83,11,2025-05-11
TXN-3769,East,Groceries,9,287.63,9,2025-05-10
TXN-3770,East,Books,4,249.54,25,2025-03-01
TXN-3771,West,Groceries,9,441.12,10,2025-02-27
TXN-3772,North,Books,8,128.45,7,2025-04-16
TXN-3773,South,Books,8,419.71,5,2025-03-23
TXN-3774,East,Groceries,4,182.47,19,2025-03-21
TXN-3775,North,Books,11,267.24,11,2025-02-18
TXN-3776,East,Groceries,13,25.46,13,2025-04-15
TXN-3777,South,Electronics,5,40.03,24,2025-03-05
TXN-3778,West,Toys,10,335.52,6,2025-02-03
TXN-3779,West,Groceries,8,355.91,6,2025-06-21
TXN-3780,West,Toys,11,440.18,28,2025-04-12
TXN-3781,East,Toys,12,374.65,8,2025-02-22
TXN-3782,North,Books,5,427.25,18,2025-02-03
TXN-3783,South,Electronics,13,85.99,16,2025-05-01
TXN-3784,West,Groceries,5,113.75,23,2025-03-19
TXN-3785,South,Toys,3,427.43,23,2025-02-20
TXN-3786,West,Books,13,462.35,9,2025-06-02
TXN-3787,South,Groceries,12,315.27,20,2025-04-19
TXN-3788,East,Books,11,195.56,12,2025-05-28
TXN-3789,South,Apparel,8,261.57,3,2025-05-21
TXN-3790,South,Electronics,14,420.99,11,2025-02-01
TXN-3791,North,Books,4,126.35,29,2025-03-23
TXN-3792,North,Apparel,9,61.99,30,2025-05-23
TXN-3793,West,Apparel,7,185.55,21,2025-04-14
TXN-3794,South,Groceries,6,99.85,9,2025-01-04
TXN-3795,North,Books,11,148.76,20,2025-03-10
TXN-3796,West,Apparel,2,222.01,5,2025-02-09
TXN-3797,North,Books,6,83.16,28,2025-04-03
TXN-3798,East,Apparel,7,339.53,16,2025-06-20
TXN-3799,East,Books,1,324.65,21,2025-06-11
TXN-3800,East,Books,12,166.09,14,2025-06-07
TXN-3801,West,Groceries,13,267.07,5,2025-03-11
TXN-3802,South,Electronics,1,198.25,0,2025-03-15
TXN-3803,South,Groceries,9,72.23,19,2025-03-17
TXN-3804,East,Electronics,12,247.46,29,2025-03-08
TXN-3805,North,Apparel,12,239.92,27,2025-05-21
TXN-3806,North,Apparel,3,188.43,10,2025-01-15
TXN-3807,West,Electronics,4,344.18,25,2025-02-14
TXN-3808,East,Groceries,3,417.81,19,2025-02-14
TXN-3809,North,Electronics,1,121.13,3,2025-02-28
TXN-3810,South,Groceries,13,78.27,24,2025-01-23
TXN-3811,East,Apparel,11,152.4,2,2025-06-08
TXN-3812,North,Apparel,12,60.83,23,2025-04-03
TXN-3813,South,Toys,9,133.95,8,2025-06-11
TXN-3814,South,Electronics,2,128.45,16,2025-03-23
TXN-3815,West,Groceries,8,32.25,21,2025-05-05
TXN-3816,East,Apparel,8,273.76,6,2025-02-13
TXN-3817,East,Groceries,2,170.14,26,2025-01-19
TXN-3818,East,Groceries,13,269.3,13,2025-02-06
TXN-3819,South,Toys,1,280.64,13,2025-02-13
TXN-3820,North,Groceries,1,50.13,29,2025-04-25
TXN-3821,North,Electronics,11,31.2,28,2025-05-22
TXN-3822,West,Electronics,13,336.75,4,2025-02-10
TXN-3823,North,Toys,8,137.39,30,2025-03-12
TXN-3824,West,Apparel,14,387.42,0,2025-03-26
TXN-3825,West,Electronics,4,459.8,24,2025-03-12
TXN-3826,North,Electronics,7,257.33,12,2025-03-15
TXN-3827,East,Electronics,13,162.79,2,2025-01-28
TXN-3828,East,Apparel,12,489.69,14,2025-03-07
TXN-3829,East,Toys,4,460.98,26,2025-06-12
TXN-3830,West,Toys,11,185.5,28,2025-06-26
TXN-3831,South,Electronics,11,283.25,28,2025-02-26
TXN-3832,South,Electronics,7,457.1,28,2025-03-09
TXN-3833,East,Apparel,14,164.89,6,2025-04-27
TXN-3834,South,Groceries,9,288.19,3,2025-04-17
TXN-3835,South,Electronics,14,88.14,3,2025-01-07
TXN-3836,East,Electronics,6,280.6,9,2025-02-07
TXN-3837,East,Books,1,458.35,3,2025-03-15
TXN-3838,North,Books,1,371.19,29,2025-01-09
TXN-3839,West,Electronics,14,404.08,9,2025-06-15
TXN-3840,West,Apparel,11,417.19,1,2025-01-08
TXN-3841,South,Apparel,11,439.87,22,2025-05-10
TXN-3842,South,Apparel,10,495.51,2,2025-02-07
TXN-3843,South,Books,6,81.41,29,2025-05-03
TXN-3844,West,Apparel,11,499.61,21,2025-04-10
TXN-3845,South,Groceries,2,44.51,8,2025-06-12
TXN-3846,South,Groceries,13,118.74,29,2025-03-07
TXN-3847,East,Groceries,12,130.78,9,2025-04-19
TXN-3848,East,Groceries,10,61.68,5,2025-03-09
TXN-3849,North,Electronics,13,32.61,30,2025-01-05
TXN-3850,South,Apparel,13,405.85,25,2025-01-10
TXN-3851,East,Apparel,13,487.69,26,2025-02-08
TXN-3852,North,Books,11,200.57,20,2025-05-01
TXN-3853,West,Groceries,14,52.57,3,2025-02-13
TXN-3854,South,Books,3,489.16,2,2025-02-10
TXN-3855,West,Books,7,244.02,10,2025-06-17
TXN-3856,West,Toys,2,170.29,1,2025-06-05
TXN-3857,North,Electronics,10,165.09,3,2025-03-11
TXN-3858,North,Books,11,361.99,27,2025-03-24
TXN-3859,East,Toys,14,389.06,29,2025-02-01
TXN-3860,North,Groceries,13,166.65,13,2025-01-22
TXN-3861,East,Books,11,38.93,8,2025-02-06
TXN-3862,West,Apparel,10,477.47,29,2025-04-25
TXN-3863,West,Toys,11,233.05,23,2025-02-17
TXN-3864,North,Electronics,8,57.12,4,2025-01-19
TXN-3865,West,Toys,14,351.83,19,2025-04-07
TXN-3866,North,Books,10,316.29,19,2025-05-06
TXN-3867,North,Groceries,12,493.11,4,2025-01-21
TXN-3868,East,Electronics,13,329.31,5,2025-04-28
TXN-3869,East,Groceries,14,78.98,16,2025-01-04
TXN-3870,West,Toys,4,178.54,19,2025-05-02
TXN-3871,West,Electronics,12,87.56,12,2025-05-13
TXN-3872,West,Toys,2,488.85,29,2025-02-27
TXN-3873,East,Electronics,1,228.87,8,2025-03-26
TXN-3874,West,Toys,7,43.25,1,2025-03-20
TXN-3875,East,Apparel,9,264.09,20,2025-06-09
TXN-3876,North,Electronics,7,387.02,15,2025-06-24
TXN-3877,South,Books,3,308.11,6,2025-02-24
TXN-3878,East,Groceries,13,187.56,4,2025-01-12
TXN-3879,South,Groceries,2,181.57,24,2025-01-10
TXN-3880,North,Apparel,7,145.85,20,2025-04-11
TXN-3881,North,Apparel,10,385.48,2,2025-02-15
TXN-3882,West,Groceries,7,423.08,26,2025-01-08
TXN-3883,South,Toys,3,257.38,27,2025-04-24
TXN-3884,East,Apparel,6,363.83,15,2025-02-22
TXN-3885,South,Toys,5,283.05,14,2025-03-18
TXN-3886,East,Groceries,9,53.13,27,2025-04-21
TXN-3887,North,Toys,8,468.07,1,2025-05-28
TXN-3888,East,Groceries,11,381.05,16,2025-03-26
TXN-3889,North,Groceries,1,282.38,22,2025-03-28
TXN-3890,East,Electronics,5,202.83,19,2025-05-20
TXN-3891,East,Apparel,6,15.97,3,2025-04-03
TXN-3892,West,Books,12,237.33,24,2025-04-14
TXN-3893,South,Apparel,12,460.34,23,2025-04-01
TXN-3894,West,Apparel,8,77.42,22,2025-03-03
TXN-3895,East,Groceries,8,209.97,8,2025-02-04
TXN-3896,East,Groceries,11,214.18,24,2025-03-21
TXN-3897,South,Groceries,2,477.06,15,2025-02-23
TXN-3898,East,Apparel,7,449.51,21,2025-04-06
TXN-3899,North,Books,13,197.15,30,2025-02-08
TXN-3900,East,Groceries,1,257.44,11,2025-04-13
TXN-3901,North,Electronics,8,470.42,8,2025-04-04
TXN-3902,South,Apparel,3,127.72,9,2025-06-06
TXN-3903,East,Electronics,8,305.57,29,2025-05-18
TXN-3904,South,Books,1,409.81,15,2025-04-04
TXN-3905,North,Electronics,7,77.1,10,2025-03-16
TXN-3906,South,Books,14,206.64,1,2025-05-27
TXN-3907,South,Toys,2,346.4,1,2025-06-10
TXN-3908,North,Apparel,13,217.86,25,2025-05-26
TXN-3909,North,Apparel,2,395.57,0,2025-02-27
TXN-3910,South,Toys,2,482.96,19,2025-02-16
TXN-3911,North,Apparel,3,441.29,21,2025-01-01
TXN-3912,North,Books,2,222.23,23,2025-05-20
TXN-3913,South,Apparel,10,260.46,19,2025-02-18
TXN-3914,East,Books,9,26.64,30,2025-01-13
TXN-3915,West,Electronics,11,214.21,23,2025-01-19
TXN-3916,West,Toys,8,76.35,28,2025-01-20
TXN-3917,East,Books,5,132.53,8,2025-06-13
TXN-3918,North,Groceries,7,16.84,28,2025-04-02
TXN-3919,East,Apparel,12,355.5,18,2025-02-28
TXN-3920,West,Apparel,1,11.33,1,2025-04-21
TXN-3921,West,Electronics,6,364.4,28,2025-06-07
TXN-3922,West,Groceries,11,364.53,30,2025-05-04
TXN-3923,East,Groceries,6,419.99,18,2025-02-14
TXN-3924,North,Toys,7,163.31,22,2025-05-22
TXN-3925,East,Groceries,4,113.92,21,2025-03-12
TXN-3926,North,Electronics,5,12.2,25,2025-06-19
TXN-3927,South,Electronics,14,311.28,26,2025-02-13
TXN-3928,North,Toys,3,234.12,7,2025-05-07
TXN-3929,South,Books,6,112.19,14,2025-02-06
TXN-3930,West,Apparel,8,143.37,22,2025-03-12
TXN-3931,North,Electronics,12,390.07,25,2025-05-11
TXN-3932,East,Apparel,10,431.9,9,2025-03-15
TXN-3933,East,Electronics,11,231.23,5,2025-05-18
TXN-3934,North,Books,12,182.55,13,2025-03-18
TXN-3935,East,Apparel,5,80.27,1,2025-06-22
TXN-3936,East,Groceries,10,215.53,26,2025-06-27
TXN-3937,South,Toys,5,82.74,21,2025-02-23
TXN-3938,South,Toys,12,271.05,25,2025-01-19
TXN-3939,North,Electronics,6,197.99,23,2025-01-11
TXN-3940,West,Groceries,11,144.48,22,2025-02-14
TXN-3941,East,Electronics,1,177.81,20,2025-04-26
TXN-3942,North,Apparel,3,378.96,25,2025-01-06
TXN-3943,East,Apparel,9,122.49,3,2025-02-26
TXN-3944,South,Groceries,1,48.22,17,2025-04-21
TXN-3945,South,Toys,13,483.02,9,2025-05-28
TXN-3946,East,Toys,3,84.06,23,2025-01-12
TXN-3947,East,Groceries,9,471.6,5,2025-02-02
TXN-3948,West,Electronics,1,316.59,18,2025-03-27
TXN-3949,West,Books,4,56.08,5,2025-05-04
TXN-3950,West,Groceries,12,257.65,7,2025-01-11
TXN-3951,East,Apparel,2,179.97,14,2025-05-06
TXN-3952,North,Apparel,2,200.39,21,2025-04-08
TXN-3953,East,Books,5,361.52,0,2025-06-08
TXN-3954,West,Books,1,289.01,9,2025-05-08
TXN-3955,West,Books,7,476.08,20,2025-01-07
TXN-3956,East,Books,4,69.17,23,2025-05-21
TXN-3957,East,Electronics,10,256.55,26,2025-02-09
TXN-3958,East,Apparel,12,109.06,3,2025-06-05
TXN-3959,South,Electronics,11,95.65,29,2025-01-27
TXN-3960,East,Toys,7,15.27,0,2025-06-12
TXN-3961,West,Electronics,9,146.17,16,2025-02-03
TXN-3962,West,Groceries,1,223.88,29,2025-03-14
TXN-3963,South,Toys,11,289.45,2,2025-02-05
TXN-3964,West,Apparel,14,399,24,2025-01-18
TXN-3965,South,Groceries,7,425.37,26,2025-04-13
TXN-3966,South,Electronics,13,298.43,2,2025-05-21
TXN-3967,East,Toys,11,493.73,14,2025-02-22
TXN-3968,North,Toys,7,471.78,8,2025-06-19
TXN-3969,East,Toys,7,361.28,14,2025-03-05
TXN-3970,North,Apparel,9,59.99,0,2025-01-22
TXN-3971,South,Books,14,13.58,13,2025-02-14
TXN-3972,West,Groceries,12,173.4,26,2025-03-25
TXN-3973,East,Electronics,13,303.58,25,2025-05-21
TXN-3974,East,Apparel,13,305.44,17,2025-04-10
TXN-3975,North,Electronics,13,231.55,0,2025-04-05
TXN-3976,West,Apparel,14,424.11,4,2025-05-18
TXN-3977,South,Toys,6,301.77,9,2025-04-28
TXN-3978,East,Toys,8,107.78,0,2025-06-06
TXN-3979,South,Electronics,6,427.44,5,2025-04-20
TXN-3980,North,Books,13,432.57,21,2025-05-22
TXN-3981,East,Books,11,336.01,2,2025-01-02
TXN-3982,West,Apparel,1,136.11,10,2025-04-03
TXN-3983,South,Groceries,4,488,30,2025-03-19
TXN-3984,South,Apparel,14,492.19,29,2025-03-04
TXN-3985,West,Apparel,11,307.46,6,2025-06-23
TXN-3986,East,Toys,8,477.18,3,2025-04-23
TXN-3987,East,Groceries,9,414.69,18,2025-04-02
TXN-3988,East,Toys,13,364.91,3,2025-02-07
TXN-3989,South,Toys,10,71.13,29,2025-01-20
TXN-3990,West,Groceries,10,76.15,9,2025-05-20
TXN-3991,East,Toys,1,429.82,26,2025-05-25
TXN-3992,North,Groceries,3,179.96,2,2025-02-23
TXN-3993,West,Books,13,57.41,17,2025-02-20
TXN-3994,West,Books,12,98.32,3,2025-04-18
TXN-3995,North,Books,10,162.49,10,2025-06-24
TXN-3996,West,Books,13,132.21,11,2025-02-15
TXN-3997,South,Apparel,11,432.6,28,2025-01-23
TXN-3998,South,Toys,1,374.97,0,2025-04-14
TXN-3999,West,Electronics,10,378.84,7,2025-01-03
TXN-4000,South,Apparel,1,367.05,29,2025-06-09
